"num","title","duration","url","composer_urls","composer_names","performer_urls","performer_names","album_url"
"1","Forever Young","05:40","https://www.allmusic.com/song/forever-young-mt0060855353","https://www.allmusic.com/artist/oliver-kraus-mn0000158445;https://www.allmusic.com/artist/beth-orton-mn0000758208","Oliver Kraus;Beth Orton","https://www.allmusic.com/artist/beth-orton-mn0000758208","Beth Orton","https://www.allmusic.com/album/forever-young-mw0003756690"
"1","Weather Alive","07:04","https://www.allmusic.com/song/weather-alive-mt0060666072","https://www.allmusic.com/artist/beth-orton-mn0000758208","Beth Orton","https://www.allmusic.com/artist/beth-orton-mn0000758208","Beth Orton","https://www.allmusic.com/album/weather-alive-mw0003731673"
"1","Jack the Boneless Boy","05:24","https://www.allmusic.com/song/jack-the-boneless-boy-mt0062007300","","","https://www.allmusic.com/artist/the-residents-mn0000420539","The Residents","https://www.allmusic.com/album/the-wow-demos-vol-2-mw0003644426"
"2","Hanging by His Hair","04:42","https://www.allmusic.com/song/hanging-by-his-hair-mt0062007297","","","https://www.allmusic.com/artist/the-residents-mn0000420539","The Residents","https://www.allmusic.com/album/the-wow-demos-vol-2-mw0003644426"
"3","Baby Sister","03:55","https://www.allmusic.com/song/baby-sister-mt0062007296","","","https://www.allmusic.com/artist/the-residents-mn0000420539","The Residents","https://www.allmusic.com/album/the-wow-demos-vol-2-mw0003644426"
"4","Give It to Someone Else","02:59","https://www.allmusic.com/song/give-it-to-someone-else-mt0062007305","","","https://www.allmusic.com/artist/the-residents-mn0000420539","The Residents","https://www.allmusic.com/album/the-wow-demos-vol-2-mw0003644426"
"5","Black Behind","04:39","https://www.allmusic.com/song/black-behind-mt0062007306","","","https://www.allmusic.com/artist/the-residents-mn0000420539","The Residents","https://www.allmusic.com/album/the-wow-demos-vol-2-mw0003644426"
"6","The Monkey Man","03:17","https://www.allmusic.com/song/the-monkey-man-mt0062007303","","","https://www.allmusic.com/artist/the-residents-mn0000420539","The Residents","https://www.allmusic.com/album/the-wow-demos-vol-2-mw0003644426"
"7","My Brother Paul","03:40","https://www.allmusic.com/song/my-brother-paul-mt0062007295","","","https://www.allmusic.com/artist/the-residents-mn0000420539","The Residents","https://www.allmusic.com/album/the-wow-demos-vol-2-mw0003644426"
"8","David's Dick","03:02","https://www.allmusic.com/song/davids-dick-mt0062007304","","","https://www.allmusic.com/artist/the-residents-mn0000420539","The Residents","https://www.allmusic.com/album/the-wow-demos-vol-2-mw0003644426"
"9","Struggle/The Sailor Song","02:56","https://www.allmusic.com/song/struggle-the-sailor-song-mt0062007301","","","https://www.allmusic.com/artist/the-residents-mn0000420539","The Residents","https://www.allmusic.com/album/the-wow-demos-vol-2-mw0003644426"
"10","Crocodile Tears","02:57","https://www.allmusic.com/song/crocodile-tears-mt0062007298","","","https://www.allmusic.com/artist/the-residents-mn0000420539","The Residents","https://www.allmusic.com/album/the-wow-demos-vol-2-mw0003644426"
"11","Never Known Questions","03:10","https://www.allmusic.com/song/never-known-questions-mt0062007302","","","https://www.allmusic.com/artist/the-residents-mn0000420539","The Residents","https://www.allmusic.com/album/the-wow-demos-vol-2-mw0003644426"
"12","The Confused Transsexual","03:40","https://www.allmusic.com/song/the-confused-transsexual-mt0062007299","","","https://www.allmusic.com/artist/the-residents-mn0000420539","The Residents","https://www.allmusic.com/album/the-wow-demos-vol-2-mw0003644426"
"1","Loser≅Weed/Picnic in the Jungle","04:21","https://www.allmusic.com/song/loserweed-picnic-in-the-jungle-mt0062007289","","","https://www.allmusic.com/artist/the-residents-mn0000420539","The Residents","https://www.allmusic.com/album/the-wow-demos-vol-2-mw0003644426"
"2","Shorty's Lament","04:42","https://www.allmusic.com/song/shortys-lament-mt0062007294","","","https://www.allmusic.com/artist/the-residents-mn0000420539","The Residents","https://www.allmusic.com/album/the-wow-demos-vol-2-mw0003644426"
"3","The Man in the Dark Sedan","04:40","https://www.allmusic.com/song/the-man-in-the-dark-sedan-mt0062007292","","","https://www.allmusic.com/artist/the-residents-mn0000420539","The Residents","https://www.allmusic.com/album/the-wow-demos-vol-2-mw0003644426"
"4","Honey Bear","05:02","https://www.allmusic.com/song/honey-bear-mt0062007290","","","https://www.allmusic.com/artist/the-residents-mn0000420539","The Residents","https://www.allmusic.com/album/the-wow-demos-vol-2-mw0003644426"
"5","Double Shot","11:19","https://www.allmusic.com/song/double-shot-mt0062007288","","","https://www.allmusic.com/artist/the-residents-mn0000420539","The Residents","https://www.allmusic.com/album/the-wow-demos-vol-2-mw0003644426"
"6","The Whispering Boys","04:42","https://www.allmusic.com/song/the-whispering-boys-mt0062007287","","","https://www.allmusic.com/artist/the-residents-mn0000420539","The Residents","https://www.allmusic.com/album/the-wow-demos-vol-2-mw0003644426"
"7","Mahogany Wood","04:28","https://www.allmusic.com/song/mahogany-wood-mt0062007293","","","https://www.allmusic.com/artist/the-residents-mn0000420539","The Residents","https://www.allmusic.com/album/the-wow-demos-vol-2-mw0003644426"
"8","Bathsheba Bathes","03:35","https://www.allmusic.com/song/bathsheba-bathes-mt0062007291","","","https://www.allmusic.com/artist/the-residents-mn0000420539","The Residents","https://www.allmusic.com/album/the-wow-demos-vol-2-mw0003644426"
"1","Stone Blind Horses","03:45","https://www.allmusic.com/song/stone-blind-horses-mt0060254922","https://www.allmusic.com/artist/ray-wylie-hubbard-mn0000414291","Ray Wylie Hubbard","https://www.allmusic.com/artist/ray-wylie-hubbard-mn0000414291","Ray Wylie Hubbard","https://www.allmusic.com/album/co-starring-too-mw0003663430"
"2","Groove","03:59","https://www.allmusic.com/song/groove-mt0060254923","https://www.allmusic.com/artist/ray-wylie-hubbard-mn0000414291;https://www.allmusic.com/artist/jeff-plankenhorn-mn0000616337","Ray Wylie Hubbard;Jeff Plankenhorn","https://www.allmusic.com/artist/ray-wylie-hubbard-mn0000414291","Ray Wylie Hubbard","https://www.allmusic.com/album/co-starring-too-mw0003663430"
"3","Only a Fool","04:18","https://www.allmusic.com/song/only-a-fool-mt0060254924","https://www.allmusic.com/artist/ray-wylie-hubbard-mn0000414291;https://www.allmusic.com/artist/liz-rose-mn0000270443","Ray Wylie Hubbard;Liz Rose","https://www.allmusic.com/artist/ray-wylie-hubbard-mn0000414291","Ray Wylie Hubbard","https://www.allmusic.com/album/co-starring-too-mw0003663430"
"4","Hellbent for Leather","03:08","https://www.allmusic.com/song/hellbent-for-leather-mt0060254925","https://www.allmusic.com/artist/ray-wylie-hubbard-mn0000414291","Ray Wylie Hubbard","https://www.allmusic.com/artist/ray-wylie-hubbard-mn0000414291","Ray Wylie Hubbard","https://www.allmusic.com/album/co-starring-too-mw0003663430"
"5","Naturally Wild","03:14","https://www.allmusic.com/song/naturally-wild-mt0060254926","https://www.allmusic.com/artist/jaimee-harris-mn0003393967;https://www.allmusic.com/artist/ray-wylie-hubbard-mn0000414291","Jaimee Harris;Ray Wylie Hubbard","https://www.allmusic.com/artist/ray-wylie-hubbard-mn0000414291","Ray Wylie Hubbard","https://www.allmusic.com/album/co-starring-too-mw0003663430"
"6","Fancy Boys","03:09","https://www.allmusic.com/song/fancy-boys-mt0060254927","https://www.allmusic.com/artist/ray-wylie-hubbard-mn0000414291","Ray Wylie Hubbard","https://www.allmusic.com/artist/ray-wylie-hubbard-mn0000414291","Ray Wylie Hubbard","https://www.allmusic.com/album/co-starring-too-mw0003663430"
"7","Texas Wild Side","03:58","https://www.allmusic.com/song/texas-wild-side-mt0060254928","https://www.allmusic.com/artist/ray-wylie-hubbard-mn0000414291;https://www.allmusic.com/artist/julian-raymond-mn0000315430","Ray Wylie Hubbard;Julian Raymond","https://www.allmusic.com/artist/ray-wylie-hubbard-mn0000414291","Ray Wylie Hubbard","https://www.allmusic.com/album/co-starring-too-mw0003663430"
"8","Even if My Wheels Fall Off","03:36","https://www.allmusic.com/song/even-if-my-wheels-fall-off-mt0060254929","https://www.allmusic.com/artist/paul-bowen-mn0001194286;https://www.allmusic.com/artist/ray-wylie-hubbard-mn0000414291","Paul Bowen;Ray Wylie Hubbard","https://www.allmusic.com/artist/ray-wylie-hubbard-mn0000414291","Ray Wylie Hubbard","https://www.allmusic.com/album/co-starring-too-mw0003663430"
"9","Pretty Reckless","04:13","https://www.allmusic.com/song/pretty-reckless-mt0060254930","https://www.allmusic.com/artist/ray-wylie-hubbard-mn0000414291","Ray Wylie Hubbard","https://www.allmusic.com/artist/ray-wylie-hubbard-mn0000414291","Ray Wylie Hubbard","https://www.allmusic.com/album/co-starring-too-mw0003663430"
"10","Ride or Die","03:44","https://www.allmusic.com/song/ride-or-die-mt0060254931","https://www.allmusic.com/artist/ray-wylie-hubbard-mn0000414291","Ray Wylie Hubbard","https://www.allmusic.com/artist/ray-wylie-hubbard-mn0000414291","Ray Wylie Hubbard","https://www.allmusic.com/album/co-starring-too-mw0003663430"
"11","Desperate Man","04:53","https://www.allmusic.com/song/desperate-man-mt0060254932","https://www.allmusic.com/artist/eric-church-mn0000632233;https://www.allmusic.com/artist/ray-wylie-hubbard-mn0000414291","Eric Church;Ray Wylie Hubbard","https://www.allmusic.com/artist/ray-wylie-hubbard-mn0000414291","Ray Wylie Hubbard","https://www.allmusic.com/album/co-starring-too-mw0003663430"
"1","Love Brings Happiness","","https://www.allmusic.com/song/love-brings-happiness-mt0060336442","","","https://www.allmusic.com/artist/ali-shaheed-muhammad-mn0000389128;https://www.allmusic.com/artist/adrian-younge-mn0001646944","Ali Shaheed Muhammad;Adrian Younge","https://www.allmusic.com/album/jazz-is-dead-011-mw0003676779"
"2","The Griot","","https://www.allmusic.com/song/the-griot-mt0060336443","","","https://www.allmusic.com/artist/ali-shaheed-muhammad-mn0000389128;https://www.allmusic.com/artist/adrian-younge-mn0001646944","Ali Shaheed Muhammad;Adrian Younge","https://www.allmusic.com/album/jazz-is-dead-011-mw0003676779"
"3","The Avenuest","","https://www.allmusic.com/song/the-avenuest-mt0060336444","","","https://www.allmusic.com/artist/ali-shaheed-muhammad-mn0000389128;https://www.allmusic.com/artist/adrian-younge-mn0001646944","Ali Shaheed Muhammad;Adrian Younge","https://www.allmusic.com/album/jazz-is-dead-011-mw0003676779"
"4","Come as You Are","","https://www.allmusic.com/song/come-as-you-are-mt0060336445","","","https://www.allmusic.com/artist/ali-shaheed-muhammad-mn0000389128;https://www.allmusic.com/artist/adrian-younge-mn0001646944","Ali Shaheed Muhammad;Adrian Younge","https://www.allmusic.com/album/jazz-is-dead-011-mw0003676779"
"5","Sabor del Ritmo","","https://www.allmusic.com/song/sabor-del-ritmo-mt0060336446","","","https://www.allmusic.com/artist/ali-shaheed-muhammad-mn0000389128;https://www.allmusic.com/artist/adrian-younge-mn0001646944","Ali Shaheed Muhammad;Adrian Younge","https://www.allmusic.com/album/jazz-is-dead-011-mw0003676779"
"6","No Beginning, No End","","https://www.allmusic.com/song/no-beginning-no-end-mt0060336447","","","https://www.allmusic.com/artist/ali-shaheed-muhammad-mn0000389128;https://www.allmusic.com/artist/adrian-younge-mn0001646944","Ali Shaheed Muhammad;Adrian Younge","https://www.allmusic.com/album/jazz-is-dead-011-mw0003676779"
"7","Ursa Major","","https://www.allmusic.com/song/ursa-major-mt0060336448","","","https://www.allmusic.com/artist/ali-shaheed-muhammad-mn0000389128;https://www.allmusic.com/artist/adrian-younge-mn0001646944","Ali Shaheed Muhammad;Adrian Younge","https://www.allmusic.com/album/jazz-is-dead-011-mw0003676779"
"8","Phoenix","","https://www.allmusic.com/song/phoenix-mt0060336449","","","https://www.allmusic.com/artist/ali-shaheed-muhammad-mn0000389128;https://www.allmusic.com/artist/adrian-younge-mn0001646944","Ali Shaheed Muhammad;Adrian Younge","https://www.allmusic.com/album/jazz-is-dead-011-mw0003676779"
"1","Havin' Myself a Time","04:36","https://www.allmusic.com/song/havin-myself-a-time-mt0060507003","https://www.allmusic.com/artist/ralph-rainger-mn0000387462;https://www.allmusic.com/artist/leo-robin-mn0000821040","Ralph Rainger;Leo Robin","https://www.allmusic.com/artist/carol-sloane-mn0000177366","Carol Sloane","https://www.allmusic.com/album/live-at-birdland-mw0003677462"
"2","Blue Turning Grey Over You","05:57","https://www.allmusic.com/song/blue-turning-grey-over-you-mt0060507004","https://www.allmusic.com/artist/andy-razaf-mn0000046035;https://www.allmusic.com/artist/thomas-waller-mn0000924550","Andy Razaf;Thomas Waller","https://www.allmusic.com/artist/carol-sloane-mn0000177366","Carol Sloane","https://www.allmusic.com/album/live-at-birdland-mw0003677462"
"3","I Don't Want to Walk Without You","06:13","https://www.allmusic.com/song/i-dont-want-to-walk-without-you-mt0060507005","https://www.allmusic.com/artist/frank-loesser-mn0000011028;https://www.allmusic.com/artist/jule-styne-mn0000304458","Frank Loesser;Jule Styne","https://www.allmusic.com/artist/carol-sloane-mn0000177366","Carol Sloane","https://www.allmusic.com/album/live-at-birdland-mw0003677462"
"4","As Long as I Live","04:59","https://www.allmusic.com/song/as-long-as-i-live-mt0060507006","https://www.allmusic.com/artist/harold-arlen-mn0000060306;https://www.allmusic.com/artist/ted-koehler-mn0000750959","Harold Arlen;Ted Koehler","https://www.allmusic.com/artist/carol-sloane-mn0000177366","Carol Sloane","https://www.allmusic.com/album/live-at-birdland-mw0003677462"
"5","Glad to Be Unhappy/I Gotta Right to Sing the Blues","07:58","https://www.allmusic.com/song/glad-to-be-unhappy-i-gotta-right-to-sing-the-blues-mt0060507007","https://www.allmusic.com/artist/harold-arlen-mn0000060306;https://www.allmusic.com/artist/lorenz-hart-mn0000209620;https://www.allmusic.com/artist/ted-koehler-mn0000750959;https://www.allmusic.com/artist/richard-rodgers-mn0000820913","Harold Arlen;Lorenz Hart;Ted Koehler;Richard Rodgers","https://www.allmusic.com/artist/carol-sloane-mn0000177366","Carol Sloane","https://www.allmusic.com/album/live-at-birdland-mw0003677462"
"6","If I Should Lose You","05:28","https://www.allmusic.com/song/if-i-should-lose-you-mt0060507008","https://www.allmusic.com/artist/ralph-rainger-mn0000387462;https://www.allmusic.com/artist/leo-robin-mn0000821040","Ralph Rainger;Leo Robin","https://www.allmusic.com/artist/carol-sloane-mn0000177366","Carol Sloane","https://www.allmusic.com/album/live-at-birdland-mw0003677462"
"7","You Were Meant for Me","04:49","https://www.allmusic.com/song/you-were-meant-for-me-mt0060507009","https://www.allmusic.com/artist/nacio-herb-brown-mn0000376086","Nacio Herb Brown","https://www.allmusic.com/artist/carol-sloane-mn0000177366","Carol Sloane","https://www.allmusic.com/album/live-at-birdland-mw0003677462"
"8","The Very Thought of You","06:55","https://www.allmusic.com/song/the-very-thought-of-you-mt0060507010","https://www.allmusic.com/artist/ray-noble-mn0000034769","Ray Noble","https://www.allmusic.com/artist/carol-sloane-mn0000177366","Carol Sloane","https://www.allmusic.com/album/live-at-birdland-mw0003677462"
"9","You're Driving Me Crazy","08:23","https://www.allmusic.com/song/youre-driving-me-crazy-mt0060507011","https://www.allmusic.com/artist/walter-donaldson-mn0000188185","Walter Donaldson","https://www.allmusic.com/artist/carol-sloane-mn0000177366","Carol Sloane","https://www.allmusic.com/album/live-at-birdland-mw0003677462"
"10","Two for the Road","06:14","https://www.allmusic.com/song/two-for-the-road-mt0060507012","https://www.allmusic.com/artist/leslie-bricusse-mn0000250699;https://www.allmusic.com/artist/henry-mancini-mn0000678009","Leslie Bricusse;Henry Mancini","https://www.allmusic.com/artist/carol-sloane-mn0000177366","Carol Sloane","https://www.allmusic.com/album/live-at-birdland-mw0003677462"
"11","Wrap Your Troubles in Dreams","04:23","https://www.allmusic.com/song/wrap-your-troubles-in-dreams-mt0060507013","https://www.allmusic.com/artist/harry-barris-mn0000952832","Harry Barris","https://www.allmusic.com/artist/carol-sloane-mn0000177366","Carol Sloane","https://www.allmusic.com/album/live-at-birdland-mw0003677462"
"12","I'll Always Leave the Door a Little Open","06:26","https://www.allmusic.com/song/ill-always-leave-the-door-a-little-open-mt0060507014","https://www.allmusic.com/artist/richard-rodney-bennett-mn0000945408;https://www.allmusic.com/artist/john-mandel-mn0002403991;https://www.allmusic.com/artist/franklin-underwood-mn0000794336","Richard Rodney Bennett;John Mandel;Franklin Underwood","https://www.allmusic.com/artist/carol-sloane-mn0000177366","Carol Sloane","https://www.allmusic.com/album/live-at-birdland-mw0003677462"
"1","Magnu/Angels of Death [Live, Reading Festival, 1986]","08:25","https://www.allmusic.com/song/magnu-angels-of-death-live-reading-festival-1986--mt0060339261","https://www.allmusic.com/artist/dave-brock-mn0000680333","Dave Brock","https://www.allmusic.com/artist/hawkwind-mn0000672011","Hawkwind","https://www.allmusic.com/album/dreamworkers-of-time-the-bbc-recordings-1985-1995-mw0003656006"
"2","The  Pulsing Cavern [Live, Reading Festival, 1986]","03:19","https://www.allmusic.com/song/the-pulsing-cavern-live-reading-festival-1986--mt0060339262","https://www.allmusic.com/artist/harvey-bainbridge-mn0000560338;https://www.allmusic.com/artist/alan-davey-mn0000525657","Harvey Bainbridge;Alan Davey","https://www.allmusic.com/artist/hawkwind-mn0000672011","Hawkwind","https://www.allmusic.com/album/dreamworkers-of-time-the-bbc-recordings-1985-1995-mw0003656006"
"3","Assault and Battery [Live, Reading Festival, 1986]","04:37","https://www.allmusic.com/song/assault-and-battery-live-reading-festival-1986--mt0060339263","https://www.allmusic.com/artist/dave-brock-mn0000680333","Dave Brock","https://www.allmusic.com/artist/hawkwind-mn0000672011","Hawkwind","https://www.allmusic.com/album/dreamworkers-of-time-the-bbc-recordings-1985-1995-mw0003656006"
"4","Needle Gun [Live, Reading Festival, 1986]","04:47","https://www.allmusic.com/song/needle-gun-live-reading-festival-1986--mt0060339264","https://www.allmusic.com/artist/dave-brock-mn0000680333","Dave Brock","https://www.allmusic.com/artist/hawkwind-mn0000672011","Hawkwind","https://www.allmusic.com/album/dreamworkers-of-time-the-bbc-recordings-1985-1995-mw0003656006"
"5","Master of the Universe [Live, Reading Festival, 1986]","04:52","https://www.allmusic.com/song/master-of-the-universe-live-reading-festival-1986--mt0060339265","https://www.allmusic.com/artist/dave-brock-mn0000680333;https://www.allmusic.com/artist/nik-turner-mn0000340373","Dave Brock;Nik Turner","https://www.allmusic.com/artist/hawkwind-mn0000672011","Hawkwind","https://www.allmusic.com/album/dreamworkers-of-time-the-bbc-recordings-1985-1995-mw0003656006"
"6","Utopia [Live, Reading Festival, 1986]","04:33","https://www.allmusic.com/song/utopia-live-reading-festival-1986--mt0060339266","https://www.allmusic.com/artist/dave-brock-mn0000680333;https://www.allmusic.com/artist/nik-turner-mn0000340373","Dave Brock;Nik Turner","https://www.allmusic.com/artist/hawkwind-mn0000672011","Hawkwind","https://www.allmusic.com/album/dreamworkers-of-time-the-bbc-recordings-1985-1995-mw0003656006"
"7","Brainstorm [Live, Reading Festival, 1986]","05:20","https://www.allmusic.com/song/brainstorm-live-reading-festival-1986--mt0060339267","https://www.allmusic.com/artist/nik-turner-mn0000340373","Nik Turner","https://www.allmusic.com/artist/hawkwind-mn0000672011","Hawkwind","https://www.allmusic.com/album/dreamworkers-of-time-the-bbc-recordings-1985-1995-mw0003656006"
"8","Dream Worker/Dust of Time [Live, Reading Festival, 1986]","07:23","https://www.allmusic.com/song/dream-worker-dust-of-time-live-reading-festival-1986--mt0060339268","https://www.allmusic.com/artist/harvey-bainbridge-mn0000560338;https://www.allmusic.com/artist/dave-brock-mn0000680333;https://www.allmusic.com/artist/huw-lloyd-langton-mn0000966266","Harvey Bainbridge;Dave Brock;Huw Lloyd-Langton","https://www.allmusic.com/artist/hawkwind-mn0000672011","Hawkwind","https://www.allmusic.com/album/dreamworkers-of-time-the-bbc-recordings-1985-1995-mw0003656006"
"9","Assassins of Allah [Live, Reading Festival, 1986]","06:39","https://www.allmusic.com/song/assassins-of-allah-live-reading-festival-1986--mt0060339269","https://www.allmusic.com/artist/robert-calvert-mn0000233637;https://www.allmusic.com/artist/paul-rudolph-mn0000028825","Robert Calvert;Paul Rudolph","https://www.allmusic.com/artist/hawkwind-mn0000672011","Hawkwind","https://www.allmusic.com/album/dreamworkers-of-time-the-bbc-recordings-1985-1995-mw0003656006"
"10","Silver Machine [Live, Reading Festival, 1986]","11:21","https://www.allmusic.com/song/silver-machine-live-reading-festival-1986--mt0060339270","https://www.allmusic.com/artist/dave-brock-mn0000680333;https://www.allmusic.com/artist/robert-calvert-mn0000233637","Dave Brock;Robert Calvert","https://www.allmusic.com/artist/hawkwind-mn0000672011","Hawkwind","https://www.allmusic.com/album/dreamworkers-of-time-the-bbc-recordings-1985-1995-mw0003656006"
"1","Utopia [Live, Hammersmith Odeon, 1988]","07:52","https://www.allmusic.com/song/utopia-live-hammersmith-odeon-1988--mt0060339271","https://www.allmusic.com/artist/dave-brock-mn0000680333;https://www.allmusic.com/artist/nik-turner-mn0000340373","Dave Brock;Nik Turner","https://www.allmusic.com/artist/hawkwind-mn0000672011","Hawkwind","https://www.allmusic.com/album/dreamworkers-of-time-the-bbc-recordings-1985-1995-mw0003656006"
"2","The  War I Survived [Live, Hammersmith Odeon, 1988]","03:57","https://www.allmusic.com/song/the-war-i-survived-live-hammersmith-odeon-1988--mt0060339272","https://www.allmusic.com/artist/dave-brock-mn0000680333;https://www.allmusic.com/artist/alan-davey-mn0000525657;https://www.allmusic.com/artist/roger-neville-neil-mn0001880450","Dave Brock;Alan Davey;Roger Neville-Neil","https://www.allmusic.com/artist/hawkwind-mn0000672011","Hawkwind","https://www.allmusic.com/album/dreamworkers-of-time-the-bbc-recordings-1985-1995-mw0003656006"
"3","Heads [Live, Hammersmith Odeon, 1988]","06:21","https://www.allmusic.com/song/heads-live-hammersmith-odeon-1988--mt0060339273","https://www.allmusic.com/artist/dave-brock-mn0000680333;https://www.allmusic.com/artist/roger-neville-neil-mn0001880450","Dave Brock;Roger Neville-Neil","https://www.allmusic.com/artist/hawkwind-mn0000672011","Hawkwind","https://www.allmusic.com/album/dreamworkers-of-time-the-bbc-recordings-1985-1995-mw0003656006"
"4","Shot Down in the Night [Live, Hammersmith Odeon, 1988]","06:41","https://www.allmusic.com/song/shot-down-in-the-night-live-hammersmith-odeon-1988--mt0060339274","https://www.allmusic.com/artist/steve-swindells-mn0000042598","Steve Swindells","https://www.allmusic.com/artist/hawkwind-mn0000672011","Hawkwind","https://www.allmusic.com/album/dreamworkers-of-time-the-bbc-recordings-1985-1995-mw0003656006"
"5","Mutation Zone/Tides [Live, Hammersmith Odeon, 1988]","04:23","https://www.allmusic.com/song/mutation-zone-tides-live-hammersmith-odeon-1988--mt0060339275","https://www.allmusic.com/artist/harvey-bainbridge-mn0000560338;https://www.allmusic.com/artist/huw-lloyd-langton-mn0000966266","Harvey Bainbridge;Huw Lloyd-Langton","https://www.allmusic.com/artist/hawkwind-mn0000672011","Hawkwind","https://www.allmusic.com/album/dreamworkers-of-time-the-bbc-recordings-1985-1995-mw0003656006"
"6","Wastelands of Sleep [Live, Hammersmith Odeon, 1988]","04:16","https://www.allmusic.com/song/wastelands-of-sleep-live-hammersmith-odeon-1988--mt0060339276","https://www.allmusic.com/artist/dave-brock-mn0000680333;https://www.allmusic.com/artist/kris-tait-mn0000774108","Dave Brock;Kris Tait","https://www.allmusic.com/artist/hawkwind-mn0000672011","Hawkwind","https://www.allmusic.com/album/dreamworkers-of-time-the-bbc-recordings-1985-1995-mw0003656006"
"7","Moonglum [Live, Hammersmith Odeon, 1988]","04:44","https://www.allmusic.com/song/moonglum-live-hammersmith-odeon-1988--mt0060339277","https://www.allmusic.com/artist/huw-lloyd-langton-mn0000966266","Huw Lloyd-Langton","https://www.allmusic.com/artist/hawkwind-mn0000672011","Hawkwind","https://www.allmusic.com/album/dreamworkers-of-time-the-bbc-recordings-1985-1995-mw0003656006"
"8","Sonic Attack [Live, Hammersmith Odeon, 1988]","05:41","https://www.allmusic.com/song/sonic-attack-live-hammersmith-odeon-1988--mt0060339278","https://www.allmusic.com/artist/hawkwind-mn0000672011;https://www.allmusic.com/artist/michael-moorcock-mn0000391550","Hawkwind;Michael Moorcock","https://www.allmusic.com/artist/hawkwind-mn0000672011","Hawkwind","https://www.allmusic.com/album/dreamworkers-of-time-the-bbc-recordings-1985-1995-mw0003656006"
"9","Rocky Paths [Live, Hammersmith Odeon, 1988]","05:41","https://www.allmusic.com/song/rocky-paths-live-hammersmith-odeon-1988--mt0060339279","https://www.allmusic.com/artist/huw-lloyd-langton-mn0000966266;https://www.allmusic.com/artist/marion-lloyd-langton-mn0000278300","Huw Lloyd-Langton;Marion Lloyd-Langton","https://www.allmusic.com/artist/hawkwind-mn0000672011","Hawkwind","https://www.allmusic.com/album/dreamworkers-of-time-the-bbc-recordings-1985-1995-mw0003656006"
"10","Brainstorm [Live, Hammersmith Odeon, 1988]","09:42","https://www.allmusic.com/song/brainstorm-live-hammersmith-odeon-1988--mt0060339280","https://www.allmusic.com/artist/nik-turner-mn0000340373","Nik Turner","https://www.allmusic.com/artist/hawkwind-mn0000672011","Hawkwind","https://www.allmusic.com/album/dreamworkers-of-time-the-bbc-recordings-1985-1995-mw0003656006"
"1","Assault of the Hawk [Live, Friday Rock Show Session, 2nd August 1985]","07:05","https://www.allmusic.com/song/assault-of-the-hawk-live-friday-rock-show-session-2nd-august-1985--mt0060339281","https://www.allmusic.com/artist/dave-brock-mn0000680333","Dave Brock","https://www.allmusic.com/artist/hawkwind-mn0000672011","Hawkwind","https://www.allmusic.com/album/dreamworkers-of-time-the-bbc-recordings-1985-1995-mw0003656006"
"2","They've Got Your Number [Live, Friday Rock Show Session, 2nd August 1985]","03:43","https://www.allmusic.com/song/theyve-got-your-number-live-friday-rock-show-session-2nd-august-1985--mt0060339282","https://www.allmusic.com/artist/huw-lloyd-langton-mn0000966266;https://www.allmusic.com/artist/marion-lloyd-langton-mn0000278300","Huw Lloyd-Langton;Marion Lloyd-Langton","https://www.allmusic.com/artist/hawkwind-mn0000672011","Hawkwind","https://www.allmusic.com/album/dreamworkers-of-time-the-bbc-recordings-1985-1995-mw0003656006"
"3","Magnu/Dreamworker of Time [Live, Friday Rock Show Session, 2nd August 1985]","07:31","https://www.allmusic.com/song/magnu-dreamworker-of-time-live-friday-rock-show-session-2nd-august-1985--mt0060339283","https://www.allmusic.com/artist/harvey-bainbridge-mn0000560338;https://www.allmusic.com/artist/dave-brock-mn0000680333","Harvey Bainbridge;Dave Brock","https://www.allmusic.com/artist/hawkwind-mn0000672011","Hawkwind","https://www.allmusic.com/album/dreamworkers-of-time-the-bbc-recordings-1985-1995-mw0003656006"
"4","The  Right to Decide [Live, Mark Radcliffe Show Session, 27th July 1995]","06:23","https://www.allmusic.com/song/the-right-to-decide-live-mark-radcliffe-show-session-27th-july-1995--mt0060339284","https://www.allmusic.com/artist/dave-brock-mn0000680333","Dave Brock","https://www.allmusic.com/artist/hawkwind-mn0000672011","Hawkwind","https://www.allmusic.com/album/dreamworkers-of-time-the-bbc-recordings-1985-1995-mw0003656006"
"5","Death Trap/Wastelands of Sleep/Are You Losing Your Mind [Live, Mark Radcliffe Show Session, 27th July 1995]","08:00","https://www.allmusic.com/song/death-trap-wastelands-of-sleep-are-you-losing-your-mind-live-mark-radcliffe-show-session-27th-july-1995--mt0060339285","https://www.allmusic.com/artist/dave-brock-mn0000680333;https://www.allmusic.com/artist/robert-calvert-mn0000233637;https://www.allmusic.com/artist/richard-chadwick-mn0000348845;https://www.allmusic.com/artist/alan-davey-mn0000525657;https://www.allmusic.com/artist/kris-tait-mn0000774108;https://www.allmusic.com/artist/ron-tree-mn0000832696","Dave Brock;Robert Calvert;Richard Chadwick;Alan Davey;Kris Tait;Ron Tree","https://www.allmusic.com/artist/hawkwind-mn0000672011","Hawkwind","https://www.allmusic.com/album/dreamworkers-of-time-the-bbc-recordings-1985-1995-mw0003656006"
"6","Assassins of Allah/the Dream Goes On [Live, Mark Radcliffe Show Session, 27th July 1995]","07:13","https://www.allmusic.com/song/assassins-of-allah-the-dream-goes-on-live-mark-radcliffe-show-session-27th-july-1995--mt0060339286","https://www.allmusic.com/artist/robert-calvert-mn0000233637;https://www.allmusic.com/artist/simon-king-mn0003788762;https://www.allmusic.com/artist/paul-rudolph-mn0000028825","Robert Calvert;Simon King;Paul Rudolph","https://www.allmusic.com/artist/hawkwind-mn0000672011","Hawkwind","https://www.allmusic.com/album/dreamworkers-of-time-the-bbc-recordings-1985-1995-mw0003656006"
"1","Untitled No. 1","02:26","https://www.allmusic.com/song/untitled-no-1-mt0060331513","https://www.allmusic.com/artist/michael-chapman-mn0000451183","Michael Chapman","https://www.allmusic.com/artist/michael-chapman-mn0000451183","Michael Chapman","https://www.allmusic.com/album/another-fish-mw0003691832"
"2","Untitled No. 2","05:00","https://www.allmusic.com/song/untitled-no-2-mt0060331514","https://www.allmusic.com/artist/michael-chapman-mn0000451183","Michael Chapman","https://www.allmusic.com/artist/michael-chapman-mn0000451183","Michael Chapman","https://www.allmusic.com/album/another-fish-mw0003691832"
"3","Untitled No. 3","02:15","https://www.allmusic.com/song/untitled-no-3-mt0060331515","https://www.allmusic.com/artist/michael-chapman-mn0000451183","Michael Chapman","https://www.allmusic.com/artist/michael-chapman-mn0000451183","Michael Chapman","https://www.allmusic.com/album/another-fish-mw0003691832"
"4","Untitled No. 4","11:53","https://www.allmusic.com/song/untitled-no-4-mt0060331516","https://www.allmusic.com/artist/michael-chapman-mn0000451183","Michael Chapman","https://www.allmusic.com/artist/michael-chapman-mn0000451183","Michael Chapman","https://www.allmusic.com/album/another-fish-mw0003691832"
"5","Untitled No. 5","05:25","https://www.allmusic.com/song/untitled-no-5-mt0060331517","https://www.allmusic.com/artist/michael-chapman-mn0000451183","Michael Chapman","https://www.allmusic.com/artist/michael-chapman-mn0000451183","Michael Chapman","https://www.allmusic.com/album/another-fish-mw0003691832"
"6","Untitled No. 6","01:19","https://www.allmusic.com/song/untitled-no-6-mt0060331518","https://www.allmusic.com/artist/michael-chapman-mn0000451183","Michael Chapman","https://www.allmusic.com/artist/michael-chapman-mn0000451183","Michael Chapman","https://www.allmusic.com/album/another-fish-mw0003691832"
"7","Untitled No. 7","04:14","https://www.allmusic.com/song/untitled-no-7-mt0060331519","https://www.allmusic.com/artist/michael-chapman-mn0000451183","Michael Chapman","https://www.allmusic.com/artist/michael-chapman-mn0000451183","Michael Chapman","https://www.allmusic.com/album/another-fish-mw0003691832"
"1","The Boarding House Show [Live 1972]","","https://www.allmusic.com/song/the-boarding-house-show-live-1972--mt0060336295","","","https://www.allmusic.com/artist/the-residents-mn0000420539","The Residents","https://www.allmusic.com/album/warning-uninc-live-and-experimental-recordings-1971-1972-mw0003692361"
"2","Chris’ Party [Live 1972]","","https://www.allmusic.com/song/chris-party-live-1972--mt0060336296","","","https://www.allmusic.com/artist/the-residents-mn0000420539","The Residents","https://www.allmusic.com/album/warning-uninc-live-and-experimental-recordings-1971-1972-mw0003692361"
"3","1-10 (With a Touch of 11)–Side A","","https://www.allmusic.com/song/1-10-with-a-touch-of-11side-a-mt0060336297","","","https://www.allmusic.com/artist/the-residents-mn0000420539","The Residents","https://www.allmusic.com/album/warning-uninc-live-and-experimental-recordings-1971-1972-mw0003692361"
"4","1-10 (With a Touch of 11)–Side B","","https://www.allmusic.com/song/1-10-with-a-touch-of-11side-b-mt0060336298","","","https://www.allmusic.com/artist/the-residents-mn0000420539","The Residents","https://www.allmusic.com/album/warning-uninc-live-and-experimental-recordings-1971-1972-mw0003692361"
"1","Dedicated to Die Like a Dog","08:25","https://www.allmusic.com/song/dedicated-to-die-like-a-dog-mt0061761222","","","https://www.allmusic.com/artist/hamid-drake-mn0000557422","Hamid Drake","https://www.allmusic.com/album/dedications-mw0003868833"
"2","Dedicated to Adam Rudolph","13:21","https://www.allmusic.com/song/dedicated-to-adam-rudolph-mt0061761223","","","https://www.allmusic.com/artist/hamid-drake-mn0000557422","Hamid Drake","https://www.allmusic.com/album/dedications-mw0003868833"
"3","Dedicated to Don & Moki Cherry","06:06","https://www.allmusic.com/song/dedicated-to-don-moki-cherry-mt0061761224","","","https://www.allmusic.com/artist/hamid-drake-mn0000557422","Hamid Drake","https://www.allmusic.com/album/dedications-mw0003868833"
"4","Dedicated to Milford Graves","08:29","https://www.allmusic.com/song/dedicated-to-milford-graves-mt0061761225","","","https://www.allmusic.com/artist/hamid-drake-mn0000557422","Hamid Drake","https://www.allmusic.com/album/dedications-mw0003868833"
"5","Dedicated to Paul Lovens","09:14","https://www.allmusic.com/song/dedicated-to-paul-lovens-mt0061761226","","","https://www.allmusic.com/artist/hamid-drake-mn0000557422","Hamid Drake","https://www.allmusic.com/album/dedications-mw0003868833"
"6","Dedicated to Big Black","07:43","https://www.allmusic.com/song/dedicated-to-big-black-mt0061761227","","","https://www.allmusic.com/artist/hamid-drake-mn0000557422","Hamid Drake","https://www.allmusic.com/album/dedications-mw0003868833"
"7","Dedicated to Fred Anderson and to the beauty and diversity of Chicago","05:28","https://www.allmusic.com/song/dedicated-to-fred-anderson-and-to-the-beauty-and-diversity-of-chicago-mt0061761228","","","https://www.allmusic.com/artist/hamid-drake-mn0000557422","Hamid Drake","https://www.allmusic.com/album/dedications-mw0003868833"
"8","Dedicated to Lex Hixon (Shaykh Nur and Shaykha Fariha)","08:45","https://www.allmusic.com/song/dedicated-to-lex-hixon-shaykh-nur-and-shaykha-fariha-mt0061761229","","","https://www.allmusic.com/artist/hamid-drake-mn0000557422","Hamid Drake","https://www.allmusic.com/album/dedications-mw0003868833"
"9","Dedicated to Lenn Keller, Brenda Jones, and Calvin Gantt","03:56","https://www.allmusic.com/song/dedicated-to-lenn-keller-brenda-jones-and-calvin-gantt-mt0061761230","","","https://www.allmusic.com/artist/hamid-drake-mn0000557422","Hamid Drake","https://www.allmusic.com/album/dedications-mw0003868833"
"1","序章 三叉路","15:19","https://www.allmusic.com/song/%BA%AB%A0-%B8%AF-mt0061559359","","","https://www.allmusic.com/artist/boris-mn0000075383","Boris","https://www.allmusic.com/album/fade-mw0003874983"
"2","第一章 月光の入り江　-howling moon, melting sun-","14:21","https://www.allmusic.com/song/%AC%AC%B8%AB%A0-%AE%A5%B1%9F-howling-moon-melting-sun--mt0061559354","","","https://www.allmusic.com/artist/boris-mn0000075383","Boris","https://www.allmusic.com/album/fade-mw0003874983"
"3","第二章 満ち草","03:52","https://www.allmusic.com/song/%AC%AC%BA%AB%A0-%BA%A1-mt0061559355","","","https://www.allmusic.com/artist/boris-mn0000075383","Boris","https://www.allmusic.com/album/fade-mw0003874983"
"4","第三章 (汝、差し出された手を掴むべからず)","09:36","https://www.allmusic.com/song/%AC%AC%B8%AB%A0-%B1%AE%BA%9F%B4%B9-mt0061559356","","","https://www.allmusic.com/artist/boris-mn0000075383","Boris","https://www.allmusic.com/album/fade-mw0003874983"
"5","第四章 マリンスノー","06:30","https://www.allmusic.com/song/%AC%AC%AB%A0-%AA%B3%B9%BC-mt0061559357","","","https://www.allmusic.com/artist/boris-mn0000075383","Boris","https://www.allmusic.com/album/fade-mw0003874983"
"6","終章 a bao a qu -無限回廊-","14:36","https://www.allmusic.com/song/%B5%AB%A0-a-bao-a-qu-%A1%BB--mt0061559358","","","https://www.allmusic.com/artist/boris-mn0000075383","Boris","https://www.allmusic.com/album/fade-mw0003874983"
"1","Cigarette","01:00","https://www.allmusic.com/song/cigarette-mt0061563768","https://www.allmusic.com/artist/ali-shaheed-muhammad-mn0000389128;https://www.allmusic.com/artist/adrian-younge-mn0001646944","Ali Shaheed Muhammad;Adrian Younge","https://www.allmusic.com/artist/ali-shaheed-muhammad-mn0000389128;https://www.allmusic.com/artist/adrian-younge-mn0001646944","Ali Shaheed Muhammad;Adrian Younge","https://www.allmusic.com/album/reasonable-doubt-original-score--mw0003875736"
"2","Preparing to Meet Damon","00:34","https://www.allmusic.com/song/preparing-to-meet-damon-mt0061563769","https://www.allmusic.com/artist/ali-shaheed-muhammad-mn0000389128;https://www.allmusic.com/artist/adrian-younge-mn0001646944","Ali Shaheed Muhammad;Adrian Younge","https://www.allmusic.com/artist/ali-shaheed-muhammad-mn0000389128;https://www.allmusic.com/artist/adrian-younge-mn0001646944","Ali Shaheed Muhammad;Adrian Younge","https://www.allmusic.com/album/reasonable-doubt-original-score--mw0003875736"
"3","Car Passion","01:24","https://www.allmusic.com/song/car-passion-mt0061563770","https://www.allmusic.com/artist/ali-shaheed-muhammad-mn0000389128;https://www.allmusic.com/artist/adrian-younge-mn0001646944","Ali Shaheed Muhammad;Adrian Younge","https://www.allmusic.com/artist/ali-shaheed-muhammad-mn0000389128;https://www.allmusic.com/artist/adrian-younge-mn0001646944","Ali Shaheed Muhammad;Adrian Younge","https://www.allmusic.com/album/reasonable-doubt-original-score--mw0003875736"
"4","Watching Damon From Car","00:36","https://www.allmusic.com/song/watching-damon-from-car-mt0061563771","https://www.allmusic.com/artist/ali-shaheed-muhammad-mn0000389128;https://www.allmusic.com/artist/adrian-younge-mn0001646944","Ali Shaheed Muhammad;Adrian Younge","https://www.allmusic.com/artist/ali-shaheed-muhammad-mn0000389128;https://www.allmusic.com/artist/adrian-younge-mn0001646944","Ali Shaheed Muhammad;Adrian Younge","https://www.allmusic.com/album/reasonable-doubt-original-score--mw0003875736"
"5","Brayden Goes to Jail","01:10","https://www.allmusic.com/song/brayden-goes-to-jail-mt0061563761","https://www.allmusic.com/artist/ali-shaheed-muhammad-mn0000389128;https://www.allmusic.com/artist/adrian-younge-mn0001646944","Ali Shaheed Muhammad;Adrian Younge","https://www.allmusic.com/artist/ali-shaheed-muhammad-mn0000389128;https://www.allmusic.com/artist/adrian-younge-mn0001646944","Ali Shaheed Muhammad;Adrian Younge","https://www.allmusic.com/album/reasonable-doubt-original-score--mw0003875736"
"6","Jax Is Busy","01:31","https://www.allmusic.com/song/jax-is-busy-mt0061563762","https://www.allmusic.com/artist/ali-shaheed-muhammad-mn0000389128;https://www.allmusic.com/artist/adrian-younge-mn0001646944","Ali Shaheed Muhammad;Adrian Younge","https://www.allmusic.com/artist/ali-shaheed-muhammad-mn0000389128;https://www.allmusic.com/artist/adrian-younge-mn0001646944","Ali Shaheed Muhammad;Adrian Younge","https://www.allmusic.com/album/reasonable-doubt-original-score--mw0003875736"
"7","We Are All Kaleesha","00:33","https://www.allmusic.com/song/we-are-all-kaleesha-mt0061563763","https://www.allmusic.com/artist/ali-shaheed-muhammad-mn0000389128;https://www.allmusic.com/artist/adrian-younge-mn0001646944","Ali Shaheed Muhammad;Adrian Younge","https://www.allmusic.com/artist/ali-shaheed-muhammad-mn0000389128;https://www.allmusic.com/artist/adrian-younge-mn0001646944","Ali Shaheed Muhammad;Adrian Younge","https://www.allmusic.com/album/reasonable-doubt-original-score--mw0003875736"
"8","Don't Forget to Lock Up","01:27","https://www.allmusic.com/song/dont-forget-to-lock-up-mt0061563764","https://www.allmusic.com/artist/ali-shaheed-muhammad-mn0000389128;https://www.allmusic.com/artist/adrian-younge-mn0001646944","Ali Shaheed Muhammad;Adrian Younge","https://www.allmusic.com/artist/ali-shaheed-muhammad-mn0000389128;https://www.allmusic.com/artist/adrian-younge-mn0001646944","Ali Shaheed Muhammad;Adrian Younge","https://www.allmusic.com/album/reasonable-doubt-original-score--mw0003875736"
"9","The Truth","01:08","https://www.allmusic.com/song/the-truth-mt0061563765","https://www.allmusic.com/artist/ali-shaheed-muhammad-mn0000389128;https://www.allmusic.com/artist/adrian-younge-mn0001646944","Ali Shaheed Muhammad;Adrian Younge","https://www.allmusic.com/artist/ali-shaheed-muhammad-mn0000389128;https://www.allmusic.com/artist/adrian-younge-mn0001646944","Ali Shaheed Muhammad;Adrian Younge","https://www.allmusic.com/album/reasonable-doubt-original-score--mw0003875736"
"10","I'll Take the Deal","00:41","https://www.allmusic.com/song/ill-take-the-deal-mt0061563766","https://www.allmusic.com/artist/ali-shaheed-muhammad-mn0000389128;https://www.allmusic.com/artist/adrian-younge-mn0001646944","Ali Shaheed Muhammad;Adrian Younge","https://www.allmusic.com/artist/ali-shaheed-muhammad-mn0000389128;https://www.allmusic.com/artist/adrian-younge-mn0001646944","Ali Shaheed Muhammad;Adrian Younge","https://www.allmusic.com/album/reasonable-doubt-original-score--mw0003875736"
"11","Thinking About You","01:11","https://www.allmusic.com/song/thinking-about-you-mt0061563767","https://www.allmusic.com/artist/ali-shaheed-muhammad-mn0000389128;https://www.allmusic.com/artist/adrian-younge-mn0001646944","Ali Shaheed Muhammad;Adrian Younge","https://www.allmusic.com/artist/ali-shaheed-muhammad-mn0000389128;https://www.allmusic.com/artist/adrian-younge-mn0001646944","Ali Shaheed Muhammad;Adrian Younge","https://www.allmusic.com/album/reasonable-doubt-original-score--mw0003875736"
"12","I Think About That Too","00:50","https://www.allmusic.com/song/i-think-about-that-too-mt0061563772","https://www.allmusic.com/artist/ali-shaheed-muhammad-mn0000389128;https://www.allmusic.com/artist/adrian-younge-mn0001646944","Ali Shaheed Muhammad;Adrian Younge","https://www.allmusic.com/artist/ali-shaheed-muhammad-mn0000389128;https://www.allmusic.com/artist/adrian-younge-mn0001646944","Ali Shaheed Muhammad;Adrian Younge","https://www.allmusic.com/album/reasonable-doubt-original-score--mw0003875736"
"13","It Wasn't Like That","00:51","https://www.allmusic.com/song/it-wasnt-like-that-mt0061563773","https://www.allmusic.com/artist/ali-shaheed-muhammad-mn0000389128;https://www.allmusic.com/artist/adrian-younge-mn0001646944","Ali Shaheed Muhammad;Adrian Younge","https://www.allmusic.com/artist/ali-shaheed-muhammad-mn0000389128;https://www.allmusic.com/artist/adrian-younge-mn0001646944","Ali Shaheed Muhammad;Adrian Younge","https://www.allmusic.com/album/reasonable-doubt-original-score--mw0003875736"
"14","I Already Know","01:52","https://www.allmusic.com/song/i-already-know-mt0061563774","https://www.allmusic.com/artist/ali-shaheed-muhammad-mn0000389128;https://www.allmusic.com/artist/adrian-younge-mn0001646944","Ali Shaheed Muhammad;Adrian Younge","https://www.allmusic.com/artist/ali-shaheed-muhammad-mn0000389128;https://www.allmusic.com/artist/adrian-younge-mn0001646944","Ali Shaheed Muhammad;Adrian Younge","https://www.allmusic.com/album/reasonable-doubt-original-score--mw0003875736"
"15","Wheels in Motion","00:56","https://www.allmusic.com/song/wheels-in-motion-mt0061563775","https://www.allmusic.com/artist/ali-shaheed-muhammad-mn0000389128;https://www.allmusic.com/artist/adrian-younge-mn0001646944","Ali Shaheed Muhammad;Adrian Younge","https://www.allmusic.com/artist/ali-shaheed-muhammad-mn0000389128;https://www.allmusic.com/artist/adrian-younge-mn0001646944","Ali Shaheed Muhammad;Adrian Younge","https://www.allmusic.com/album/reasonable-doubt-original-score--mw0003875736"
"16","If I Wanted to Take This Company","00:41","https://www.allmusic.com/song/if-i-wanted-to-take-this-company-mt0061563776","https://www.allmusic.com/artist/ali-shaheed-muhammad-mn0000389128;https://www.allmusic.com/artist/adrian-younge-mn0001646944","Ali Shaheed Muhammad;Adrian Younge","https://www.allmusic.com/artist/ali-shaheed-muhammad-mn0000389128;https://www.allmusic.com/artist/adrian-younge-mn0001646944","Ali Shaheed Muhammad;Adrian Younge","https://www.allmusic.com/album/reasonable-doubt-original-score--mw0003875736"
"17","Theo Overvalued the Company","00:38","https://www.allmusic.com/song/theo-overvalued-the-company-mt0061563777","https://www.allmusic.com/artist/ali-shaheed-muhammad-mn0000389128;https://www.allmusic.com/artist/adrian-younge-mn0001646944","Ali Shaheed Muhammad;Adrian Younge","https://www.allmusic.com/artist/ali-shaheed-muhammad-mn0000389128;https://www.allmusic.com/artist/adrian-younge-mn0001646944","Ali Shaheed Muhammad;Adrian Younge","https://www.allmusic.com/album/reasonable-doubt-original-score--mw0003875736"
"18","Just the Facts","00:55","https://www.allmusic.com/song/just-the-facts-mt0061563778","https://www.allmusic.com/artist/ali-shaheed-muhammad-mn0000389128;https://www.allmusic.com/artist/adrian-younge-mn0001646944","Ali Shaheed Muhammad;Adrian Younge","https://www.allmusic.com/artist/ali-shaheed-muhammad-mn0000389128;https://www.allmusic.com/artist/adrian-younge-mn0001646944","Ali Shaheed Muhammad;Adrian Younge","https://www.allmusic.com/album/reasonable-doubt-original-score--mw0003875736"
"19","Let's Get to Work","01:07","https://www.allmusic.com/song/lets-get-to-work-mt0061563779","https://www.allmusic.com/artist/ali-shaheed-muhammad-mn0000389128;https://www.allmusic.com/artist/adrian-younge-mn0001646944","Ali Shaheed Muhammad;Adrian Younge","https://www.allmusic.com/artist/ali-shaheed-muhammad-mn0000389128;https://www.allmusic.com/artist/adrian-younge-mn0001646944","Ali Shaheed Muhammad;Adrian Younge","https://www.allmusic.com/album/reasonable-doubt-original-score--mw0003875736"
"20","Having Sex","01:13","https://www.allmusic.com/song/having-sex-mt0061563780","https://www.allmusic.com/artist/ali-shaheed-muhammad-mn0000389128;https://www.allmusic.com/artist/adrian-younge-mn0001646944","Ali Shaheed Muhammad;Adrian Younge","https://www.allmusic.com/artist/ali-shaheed-muhammad-mn0000389128;https://www.allmusic.com/artist/adrian-younge-mn0001646944","Ali Shaheed Muhammad;Adrian Younge","https://www.allmusic.com/album/reasonable-doubt-original-score--mw0003875736"
"21","No Surprise","01:12","https://www.allmusic.com/song/no-surprise-mt0061563781","https://www.allmusic.com/artist/ali-shaheed-muhammad-mn0000389128;https://www.allmusic.com/artist/adrian-younge-mn0001646944","Ali Shaheed Muhammad;Adrian Younge","https://www.allmusic.com/artist/ali-shaheed-muhammad-mn0000389128;https://www.allmusic.com/artist/adrian-younge-mn0001646944","Ali Shaheed Muhammad;Adrian Younge","https://www.allmusic.com/album/reasonable-doubt-original-score--mw0003875736"
"22","Separate Car","00:33","https://www.allmusic.com/song/separate-car-mt0061563782","https://www.allmusic.com/artist/ali-shaheed-muhammad-mn0000389128;https://www.allmusic.com/artist/adrian-younge-mn0001646944","Ali Shaheed Muhammad;Adrian Younge","https://www.allmusic.com/artist/ali-shaheed-muhammad-mn0000389128;https://www.allmusic.com/artist/adrian-younge-mn0001646944","Ali Shaheed Muhammad;Adrian Younge","https://www.allmusic.com/album/reasonable-doubt-original-score--mw0003875736"
"23","Tries to Kiss Jax","01:14","https://www.allmusic.com/song/tries-to-kiss-jax-mt0061563783","https://www.allmusic.com/artist/ali-shaheed-muhammad-mn0000389128;https://www.allmusic.com/artist/adrian-younge-mn0001646944","Ali Shaheed Muhammad;Adrian Younge","https://www.allmusic.com/artist/ali-shaheed-muhammad-mn0000389128;https://www.allmusic.com/artist/adrian-younge-mn0001646944","Ali Shaheed Muhammad;Adrian Younge","https://www.allmusic.com/album/reasonable-doubt-original-score--mw0003875736"
"24","You Groomed Me","01:21","https://www.allmusic.com/song/you-groomed-me-mt0061563784","https://www.allmusic.com/artist/ali-shaheed-muhammad-mn0000389128;https://www.allmusic.com/artist/adrian-younge-mn0001646944","Ali Shaheed Muhammad;Adrian Younge","https://www.allmusic.com/artist/ali-shaheed-muhammad-mn0000389128;https://www.allmusic.com/artist/adrian-younge-mn0001646944","Ali Shaheed Muhammad;Adrian Younge","https://www.allmusic.com/album/reasonable-doubt-original-score--mw0003875736"
"25","Wrap It Up","01:10","https://www.allmusic.com/song/wrap-it-up-mt0061563785","https://www.allmusic.com/artist/ali-shaheed-muhammad-mn0000389128;https://www.allmusic.com/artist/adrian-younge-mn0001646944","Ali Shaheed Muhammad;Adrian Younge","https://www.allmusic.com/artist/ali-shaheed-muhammad-mn0000389128;https://www.allmusic.com/artist/adrian-younge-mn0001646944","Ali Shaheed Muhammad;Adrian Younge","https://www.allmusic.com/album/reasonable-doubt-original-score--mw0003875736"
"26","Brayden Kills Kaleesha","01:06","https://www.allmusic.com/song/brayden-kills-kaleesha-mt0061563786","https://www.allmusic.com/artist/ali-shaheed-muhammad-mn0000389128;https://www.allmusic.com/artist/adrian-younge-mn0001646944","Ali Shaheed Muhammad;Adrian Younge","https://www.allmusic.com/artist/ali-shaheed-muhammad-mn0000389128;https://www.allmusic.com/artist/adrian-younge-mn0001646944","Ali Shaheed Muhammad;Adrian Younge","https://www.allmusic.com/album/reasonable-doubt-original-score--mw0003875736"
"27","Not Guilty","01:49","https://www.allmusic.com/song/not-guilty-mt0061563787","https://www.allmusic.com/artist/ali-shaheed-muhammad-mn0000389128;https://www.allmusic.com/artist/adrian-younge-mn0001646944","Ali Shaheed Muhammad;Adrian Younge","https://www.allmusic.com/artist/ali-shaheed-muhammad-mn0000389128;https://www.allmusic.com/artist/adrian-younge-mn0001646944","Ali Shaheed Muhammad;Adrian Younge","https://www.allmusic.com/album/reasonable-doubt-original-score--mw0003875736"
"28","It's All Us","01:06","https://www.allmusic.com/song/its-all-us-mt0061563788","https://www.allmusic.com/artist/ali-shaheed-muhammad-mn0000389128;https://www.allmusic.com/artist/mary-ann-vieira-mn0000858320;https://www.allmusic.com/artist/adrian-younge-mn0001646944","Ali Shaheed Muhammad;Mary Ann Vieira;Adrian Younge","https://www.allmusic.com/artist/ali-shaheed-muhammad-mn0000389128;https://www.allmusic.com/artist/adrian-younge-mn0001646944","Ali Shaheed Muhammad;Adrian Younge","https://www.allmusic.com/album/reasonable-doubt-original-score--mw0003875736"
"1","Voice","03:58","https://www.allmusic.com/song/voice-mt0061542380","","","https://www.allmusic.com/artist/boris-mn0000075383;https://www.allmusic.com/artist/rocky-the-sweden-mn0004319423","Boris;Rocky & the Sweden","https://www.allmusic.com/album/split-ep-mw0003841181"
"2","Up in Smoke","03:02","https://www.allmusic.com/song/up-in-smoke-mt0061542381","","","https://www.allmusic.com/artist/boris-mn0000075383;https://www.allmusic.com/artist/rocky-the-sweden-mn0004319423","Boris;Rocky & the Sweden","https://www.allmusic.com/album/split-ep-mw0003841181"
"3","BxBxB","02:36","https://www.allmusic.com/song/bxbxb-mt0061542382","","","https://www.allmusic.com/artist/boris-mn0000075383;https://www.allmusic.com/artist/rocky-the-sweden-mn0004319423","Boris;Rocky & the Sweden","https://www.allmusic.com/album/split-ep-mw0003841181"
"4","Bakugeki Blaze","02:18","https://www.allmusic.com/song/bakugeki-blaze-mt0061542383","","","https://www.allmusic.com/artist/boris-mn0000075383;https://www.allmusic.com/artist/rocky-the-sweden-mn0004319423","Boris;Rocky & the Sweden","https://www.allmusic.com/album/split-ep-mw0003841181"
"5","Blood Red","02:54","https://www.allmusic.com/song/blood-red-mt0061542384","","","https://www.allmusic.com/artist/boris-mn0000075383;https://www.allmusic.com/artist/rocky-the-sweden-mn0004319423","Boris;Rocky & the Sweden","https://www.allmusic.com/album/split-ep-mw0003841181"
"6","Killing the Observer","02:34","https://www.allmusic.com/song/killing-the-observer-mt0061542385","","","https://www.allmusic.com/artist/boris-mn0000075383;https://www.allmusic.com/artist/rocky-the-sweden-mn0004319423","Boris;Rocky & the Sweden","https://www.allmusic.com/album/split-ep-mw0003841181"
"7","Nosferatou","05:16","https://www.allmusic.com/song/nosferatou-mt0061542386","","","https://www.allmusic.com/artist/boris-mn0000075383;https://www.allmusic.com/artist/rocky-the-sweden-mn0004319423","Boris;Rocky & the Sweden","https://www.allmusic.com/album/split-ep-mw0003841181"
"1","Someone Close","","https://www.allmusic.com/song/someone-close-mt0061511759","","","https://www.allmusic.com/artist/floating-points-mn0002132247","Floating Points","https://www.allmusic.com/album/2022-mw0003850186"
"2","Grammar","","https://www.allmusic.com/song/grammar-mt0061511760","","","https://www.allmusic.com/artist/floating-points-mn0002132247","Floating Points","https://www.allmusic.com/album/2022-mw0003850186"
"3","Vocoder","","https://www.allmusic.com/song/vocoder-mt0061511761","","","https://www.allmusic.com/artist/floating-points-mn0002132247","Floating Points","https://www.allmusic.com/album/2022-mw0003850186"
"4","Problems","","https://www.allmusic.com/song/problems-mt0061511762","","","https://www.allmusic.com/artist/floating-points-mn0002132247","Floating Points","https://www.allmusic.com/album/2022-mw0003850186"
"1","John Deere Green","","https://www.allmusic.com/song/john-deere-green-mt0062667359","","","https://www.allmusic.com/artist/joe-diffie-mn0000787960","Joe Diffie","https://www.allmusic.com/album/greatest-nashville-hits-mw0003991358"
"2","Pickup Man","","https://www.allmusic.com/song/pickup-man-mt0062667361","","","https://www.allmusic.com/artist/joe-diffie-mn0000787960","Joe Diffie","https://www.allmusic.com/album/greatest-nashville-hits-mw0003991358"
"3","Prop Me Up Beside the Jukebox (If I Die)","","https://www.allmusic.com/song/prop-me-up-beside-the-jukebox-if-i-die-mt0062667358","","","https://www.allmusic.com/artist/joe-diffie-mn0000787960","Joe Diffie","https://www.allmusic.com/album/greatest-nashville-hits-mw0003991358"
"4","Third Rock From the Sun","","https://www.allmusic.com/song/third-rock-from-the-sun-mt0062667362","","","https://www.allmusic.com/artist/joe-diffie-mn0000787960","Joe Diffie","https://www.allmusic.com/album/greatest-nashville-hits-mw0003991358"
"5","Bigger Than the Beatles","","https://www.allmusic.com/song/bigger-than-the-beatles-mt0062667356","","","https://www.allmusic.com/artist/joe-diffie-mn0000787960","Joe Diffie","https://www.allmusic.com/album/greatest-nashville-hits-mw0003991358"
"6","Ships That Don't Come in","","https://www.allmusic.com/song/ships-that-dont-come-in-mt0062667360","","","https://www.allmusic.com/artist/joe-diffie-mn0000787960","Joe Diffie","https://www.allmusic.com/album/greatest-nashville-hits-mw0003991358"
"7","Hello Darlin'","","https://www.allmusic.com/song/hello-darlin-mt0062667363","","","https://www.allmusic.com/artist/joe-diffie-mn0000787960","Joe Diffie","https://www.allmusic.com/album/greatest-nashville-hits-mw0003991358"
"8","I Think I'll Just Sit Here and Drink","","https://www.allmusic.com/song/i-think-ill-just-sit-here-and-drink-mt0062667357","","","https://www.allmusic.com/artist/joe-diffie-mn0000787960","Joe Diffie","https://www.allmusic.com/album/greatest-nashville-hits-mw0003991358"
"1","Surviving the Game","03:58","https://www.allmusic.com/song/surviving-the-game-mt0060045793","https://www.allmusic.com/artist/kane-churko-mn0002948721;https://www.allmusic.com/artist/kevin-churko-mn0000817073;https://www.allmusic.com/artist/john-l-cooper-mn0000231779;https://www.allmusic.com/artist/korey-cooper-mn0000082572","Kane Churko;Kevin Churko;John L. Cooper;Korey Cooper","https://www.allmusic.com/artist/skillet-mn0000749571","Skillet","https://www.allmusic.com/album/dominion-mw0003598317"
"2","Standing in the Storm","04:17","https://www.allmusic.com/song/standing-in-the-storm-mt0060045794","https://www.allmusic.com/artist/kane-churko-mn0002948721;https://www.allmusic.com/artist/kevin-churko-mn0000817073;https://www.allmusic.com/artist/john-l-cooper-mn0000231779;https://www.allmusic.com/artist/korey-cooper-mn0000082572","Kane Churko;Kevin Churko;John L. Cooper;Korey Cooper","https://www.allmusic.com/artist/skillet-mn0000749571","Skillet","https://www.allmusic.com/album/dominion-mw0003598317"
"3","Dominion","03:51","https://www.allmusic.com/song/dominion-mt0060045795","https://www.allmusic.com/artist/kane-churko-mn0002948721;https://www.allmusic.com/artist/john-l-cooper-mn0000231779;https://www.allmusic.com/artist/korey-cooper-mn0000082572","Kane Churko;John L. Cooper;Korey Cooper","https://www.allmusic.com/artist/skillet-mn0000749571","Skillet","https://www.allmusic.com/album/dominion-mw0003598317"
"4","Valley of Death","04:27","https://www.allmusic.com/song/valley-of-death-mt0060045796","https://www.allmusic.com/artist/john-l-cooper-mn0000231779","John L. Cooper","https://www.allmusic.com/artist/skillet-mn0000749571","Skillet","https://www.allmusic.com/album/dominion-mw0003598317"
"5","Beyond Incredible","03:31","https://www.allmusic.com/song/beyond-incredible-mt0060045797","https://www.allmusic.com/artist/kane-churko-mn0002948721;https://www.allmusic.com/artist/kevin-churko-mn0000817073;https://www.allmusic.com/artist/john-l-cooper-mn0000231779;https://www.allmusic.com/artist/korey-cooper-mn0000082572","Kane Churko;Kevin Churko;John L. Cooper;Korey Cooper","https://www.allmusic.com/artist/skillet-mn0000749571","Skillet","https://www.allmusic.com/album/dominion-mw0003598317"
"6","Destiny","04:02","https://www.allmusic.com/song/destiny-mt0060045798","https://www.allmusic.com/artist/kane-churko-mn0002948721;https://www.allmusic.com/artist/kevin-churko-mn0000817073;https://www.allmusic.com/artist/john-l-cooper-mn0000231779;https://www.allmusic.com/artist/korey-cooper-mn0000082572","Kane Churko;Kevin Churko;John L. Cooper;Korey Cooper","https://www.allmusic.com/artist/skillet-mn0000749571","Skillet","https://www.allmusic.com/album/dominion-mw0003598317"
"7","Refuge","03:28","https://www.allmusic.com/song/refuge-mt0060045799","https://www.allmusic.com/artist/john-l-cooper-mn0000231779;https://www.allmusic.com/artist/seth-mosley-mn0002441329","John L. Cooper;Seth Mosley","https://www.allmusic.com/artist/skillet-mn0000749571","Skillet","https://www.allmusic.com/album/dominion-mw0003598317"
"8","Shout Your Freedom","03:26","https://www.allmusic.com/song/shout-your-freedom-mt0060045800","https://www.allmusic.com/artist/kane-churko-mn0002948721;https://www.allmusic.com/artist/kevin-churko-mn0000817073;https://www.allmusic.com/artist/john-l-cooper-mn0000231779;https://www.allmusic.com/artist/korey-cooper-mn0000082572","Kane Churko;Kevin Churko;John L. Cooper;Korey Cooper","https://www.allmusic.com/artist/skillet-mn0000749571","Skillet","https://www.allmusic.com/album/dominion-mw0003598317"
"9","Destroyer","03:42","https://www.allmusic.com/song/destroyer-mt0060045801","https://www.allmusic.com/artist/kane-churko-mn0002948721;https://www.allmusic.com/artist/kevin-churko-mn0000817073;https://www.allmusic.com/artist/john-l-cooper-mn0000231779;https://www.allmusic.com/artist/korey-cooper-mn0000082572","Kane Churko;Kevin Churko;John L. Cooper;Korey Cooper","https://www.allmusic.com/artist/skillet-mn0000749571","Skillet","https://www.allmusic.com/album/dominion-mw0003598317"
"10","Forever or the End","03:32","https://www.allmusic.com/song/forever-or-the-end-mt0060045802","https://www.allmusic.com/artist/john-l-cooper-mn0000231779;https://www.allmusic.com/artist/korey-cooper-mn0000082572","John L. Cooper;Korey Cooper","https://www.allmusic.com/artist/skillet-mn0000749571","Skillet","https://www.allmusic.com/album/dominion-mw0003598317"
"11","Ignite","03:41","https://www.allmusic.com/song/ignite-mt0060045803","https://www.allmusic.com/artist/kane-churko-mn0002948721;https://www.allmusic.com/artist/kevin-churko-mn0000817073;https://www.allmusic.com/artist/john-l-cooper-mn0000231779;https://www.allmusic.com/artist/korey-cooper-mn0000082572","Kane Churko;Kevin Churko;John L. Cooper;Korey Cooper","https://www.allmusic.com/artist/skillet-mn0000749571","Skillet","https://www.allmusic.com/album/dominion-mw0003598317"
"12","White Horse","03:36","https://www.allmusic.com/song/white-horse-mt0060045804","https://www.allmusic.com/artist/kane-churko-mn0002948721;https://www.allmusic.com/artist/kevin-churko-mn0000817073;https://www.allmusic.com/artist/john-l-cooper-mn0000231779;https://www.allmusic.com/artist/korey-cooper-mn0000082572","Kane Churko;Kevin Churko;John L. Cooper;Korey Cooper","https://www.allmusic.com/artist/skillet-mn0000749571","Skillet","https://www.allmusic.com/album/dominion-mw0003598317"
"1","A Wanderer in the Sleeping City","04:11","https://www.allmusic.com/song/a-wanderer-in-the-sleeping-city-mt0061019351","https://www.allmusic.com/artist/rufus-wainwright-mn0000854854;https://www.allmusic.com/artist/qing-feng-wu-mn0002410520","Rufus Wainwright;Qing Feng Wu","https://www.allmusic.com/artist/rufus-wainwright-mn0000854854;https://www.allmusic.com/artist/qing-feng-wu-mn0002410520","Rufus Wainwright;Qing Feng Wu","https://www.allmusic.com/album/a-wanderer-in-the-sleeping-city-mw0003784388"
"1","Worlds on Fire","02:54","https://www.allmusic.com/song/worlds-on-fire-mt0061010649","https://www.allmusic.com/artist/nicholas-audino-mn0002961285;https://www.allmusic.com/artist/gabriel-benjamin-mn0003347102;https://www.allmusic.com/artist/andrew-frampton-mn0000031006;https://www.allmusic.com/artist/fadil-el-ghoul-mn0002663184;https://www.allmusic.com/artist/lewis-hughes-mn0002946347;https://www.allmusic.com/artist/jamie-lou-stenzel-mn0003058789;https://www.allmusic.com/artist/nick-van-de-wall-mn0001093677","Nicholas Audino;Gabriel Benjamin;Andrew Frampton;Fadil El Ghoul;Lewis Hughes;Jamie Lou Stenzel;Nick van de Wall","https://www.allmusic.com/artist/afrojack-mn0001582831","Afrojack","https://www.allmusic.com/album/worlds-on-fire-mw0003782922"
"1","Tea for Two","01:49","https://www.allmusic.com/song/tea-for-two-mt0061020446","https://www.allmusic.com/artist/gordon-macrae-mn0000018796","Gordon MacRae","https://www.allmusic.com/artist/gordon-macrae-mn0000018796","Gordon MacRae","https://www.allmusic.com/album/essential-classics-vol-56-gordon-macrae-mw0003784613"
"2","Oh, What a Beautiful Mornin' [Oklahoma!]","02:31","https://www.allmusic.com/song/oh-what-a-beautiful-mornin-oklahoma%21--mt0061020447","https://www.allmusic.com/artist/gordon-macrae-mn0000018796","Gordon MacRae","https://www.allmusic.com/artist/gordon-macrae-mn0000018796","Gordon MacRae","https://www.allmusic.com/album/essential-classics-vol-56-gordon-macrae-mw0003784613"
"3","Oklahoma!","03:16","https://www.allmusic.com/song/oklahoma%21-mt0061020448","https://www.allmusic.com/artist/gordon-macrae-mn0000018796","Gordon MacRae","https://www.allmusic.com/artist/gordon-macrae-mn0000018796","Gordon MacRae","https://www.allmusic.com/album/essential-classics-vol-56-gordon-macrae-mw0003784613"
"4","People Will Say We're in Love [Oklahoma!]","04:20","https://www.allmusic.com/song/people-will-say-were-in-love-oklahoma%21--mt0061020449","https://www.allmusic.com/artist/gordon-macrae-mn0000018796","Gordon MacRae","https://www.allmusic.com/artist/gordon-macrae-mn0000018796","Gordon MacRae","https://www.allmusic.com/album/essential-classics-vol-56-gordon-macrae-mw0003784613"
"5","The Surrey With the Fringe on Top [Oklahoma!]","04:53","https://www.allmusic.com/song/the-surrey-with-the-fringe-on-top-oklahoma%21--mt0061020450","https://www.allmusic.com/artist/gordon-macrae-mn0000018796","Gordon MacRae","https://www.allmusic.com/artist/gordon-macrae-mn0000018796","Gordon MacRae","https://www.allmusic.com/album/essential-classics-vol-56-gordon-macrae-mw0003784613"
"6","By the Light of the Silvery Moon","01:45","https://www.allmusic.com/song/by-the-light-of-the-silvery-moon-mt0061020451","https://www.allmusic.com/artist/gordon-macrae-mn0000018796","Gordon MacRae","https://www.allmusic.com/artist/gordon-macrae-mn0000018796","Gordon MacRae","https://www.allmusic.com/album/essential-classics-vol-56-gordon-macrae-mw0003784613"
"7","The Farmer and the Cowman","03:52","https://www.allmusic.com/song/the-farmer-and-the-cowman-mt0061020452","https://www.allmusic.com/artist/gordon-macrae-mn0000018796","Gordon MacRae","https://www.allmusic.com/artist/gordon-macrae-mn0000018796","Gordon MacRae","https://www.allmusic.com/album/essential-classics-vol-56-gordon-macrae-mw0003784613"
"8","Poor Jud Is Dead [Oklahoma!]","04:16","https://www.allmusic.com/song/poor-jud-is-dead-oklahoma%21--mt0061020453","https://www.allmusic.com/artist/gordon-macrae-mn0000018796","Gordon MacRae","https://www.allmusic.com/artist/gordon-macrae-mn0000018796","Gordon MacRae","https://www.allmusic.com/album/essential-classics-vol-56-gordon-macrae-mw0003784613"
"9","If I Loved You [Carousel]","06:22","https://www.allmusic.com/song/if-i-loved-you-carousel--mt0061020454","https://www.allmusic.com/artist/gordon-macrae-mn0000018796","Gordon MacRae","https://www.allmusic.com/artist/gordon-macrae-mn0000018796","Gordon MacRae","https://www.allmusic.com/album/essential-classics-vol-56-gordon-macrae-mw0003784613"
"10","My Baby Just Cares for Me","02:24","https://www.allmusic.com/song/my-baby-just-cares-for-me-mt0061020455","https://www.allmusic.com/artist/gordon-macrae-mn0000018796","Gordon MacRae","https://www.allmusic.com/artist/gordon-macrae-mn0000018796","Gordon MacRae","https://www.allmusic.com/album/essential-classics-vol-56-gordon-macrae-mw0003784613"
"1","You're the Cream in My Coffee","02:19","https://www.allmusic.com/song/youre-the-cream-in-my-coffee-mt0061020456","https://www.allmusic.com/artist/gordon-macrae-mn0000018796","Gordon MacRae","https://www.allmusic.com/artist/gordon-macrae-mn0000018796","Gordon MacRae","https://www.allmusic.com/album/essential-classics-vol-56-gordon-macrae-mw0003784613"
"2","The Birth of the Blues","04:03","https://www.allmusic.com/song/the-birth-of-the-blues-mt0061020457","https://www.allmusic.com/artist/gordon-macrae-mn0000018796","Gordon MacRae","https://www.allmusic.com/artist/gordon-macrae-mn0000018796","Gordon MacRae","https://www.allmusic.com/album/essential-classics-vol-56-gordon-macrae-mw0003784613"
"3","The Best Things in Life Are Free","02:35","https://www.allmusic.com/song/the-best-things-in-life-are-free-mt0061020458","https://www.allmusic.com/artist/gordon-macrae-mn0000018796","Gordon MacRae","https://www.allmusic.com/artist/gordon-macrae-mn0000018796","Gordon MacRae","https://www.allmusic.com/album/essential-classics-vol-56-gordon-macrae-mw0003784613"
"4","Soliloquy","07:51","https://www.allmusic.com/song/soliloquy-mt0061020459","https://www.allmusic.com/artist/gordon-macrae-mn0000018796","Gordon MacRae","https://www.allmusic.com/artist/gordon-macrae-mn0000018796","Gordon MacRae","https://www.allmusic.com/album/essential-classics-vol-56-gordon-macrae-mw0003784613"
"5","Love Is a Many Splendored Thing","02:38","https://www.allmusic.com/song/love-is-a-many-splendored-thing-mt0061020460","https://www.allmusic.com/artist/gordon-macrae-mn0000018796","Gordon MacRae","https://www.allmusic.com/artist/gordon-macrae-mn0000018796","Gordon MacRae","https://www.allmusic.com/album/essential-classics-vol-56-gordon-macrae-mw0003784613"
"6","Dear Hearts and Gentle People","02:24","https://www.allmusic.com/song/dear-hearts-and-gentle-people-mt0061020461","https://www.allmusic.com/artist/gordon-macrae-mn0000018796","Gordon MacRae","https://www.allmusic.com/artist/gordon-macrae-mn0000018796","Gordon MacRae","https://www.allmusic.com/album/essential-classics-vol-56-gordon-macrae-mw0003784613"
"7","It's Magic","03:02","https://www.allmusic.com/song/its-magic-mt0061020462","https://www.allmusic.com/artist/gordon-macrae-mn0000018796","Gordon MacRae","https://www.allmusic.com/artist/gordon-macrae-mn0000018796","Gordon MacRae","https://www.allmusic.com/album/essential-classics-vol-56-gordon-macrae-mw0003784613"
"8","Together","03:56","https://www.allmusic.com/song/together-mt0061020463","https://www.allmusic.com/artist/gordon-macrae-mn0000018796","Gordon MacRae","https://www.allmusic.com/artist/gordon-macrae-mn0000018796","Gordon MacRae","https://www.allmusic.com/album/essential-classics-vol-56-gordon-macrae-mw0003784613"
"9","Button Up Your Overcoat","02:11","https://www.allmusic.com/song/button-up-your-overcoat-mt0061020464","https://www.allmusic.com/artist/gordon-macrae-mn0000018796","Gordon MacRae","https://www.allmusic.com/artist/gordon-macrae-mn0000018796","Gordon MacRae","https://www.allmusic.com/album/essential-classics-vol-56-gordon-macrae-mw0003784613"
"10","Pennies From Heaven","02:41","https://www.allmusic.com/song/pennies-from-heaven-mt0061020465","https://www.allmusic.com/artist/gordon-macrae-mn0000018796","Gordon MacRae","https://www.allmusic.com/artist/gordon-macrae-mn0000018796","Gordon MacRae","https://www.allmusic.com/album/essential-classics-vol-56-gordon-macrae-mw0003784613"
"1","FREEDOM","02:58","https://www.allmusic.com/song/freedom-mt0061039377","https://www.allmusic.com/artist/andrae-alexander-mn0002411787;https://www.allmusic.com/artist/jon-batiste-mn0002730073;https://www.allmusic.com/artist/tearce-kizzo-mn0003112541;https://www.allmusic.com/artist/autumn-rowe-mn0001946207","Andrae Alexander;Jon Batiste;Tearce Kizzo;Autumn Rowe","https://www.allmusic.com/artist/jon-batiste-mn0002730073","Jon Batiste","https://www.allmusic.com/album/the-summer-collection-mw0003788339"
"2","I NEED YOU","02:37","https://www.allmusic.com/song/i-need-you-mt0061039378","https://www.allmusic.com/artist/jon-batiste-mn0002730073;https://www.allmusic.com/artist/tearce-kizzo-mn0003112541;https://www.allmusic.com/artist/autumn-rowe-mn0001946207","Jon Batiste;Tearce Kizzo;Autumn Rowe","https://www.allmusic.com/artist/jon-batiste-mn0002730073","Jon Batiste","https://www.allmusic.com/album/the-summer-collection-mw0003788339"
"3","SING","03:07","https://www.allmusic.com/song/sing-mt0061039379","https://www.allmusic.com/artist/jon-batiste-mn0002730073;https://www.allmusic.com/artist/zach-cooper-mn0000993475;https://www.allmusic.com/artist/vic-dimotsis-mn0003706829;https://www.allmusic.com/artist/eric-frederic-mn0002095578;https://www.allmusic.com/artist/autumn-rowe-mn0001946207","Jon Batiste;Zach Cooper;Vic Dimotsis;Eric Frederic;Autumn Rowe","https://www.allmusic.com/artist/jon-batiste-mn0002730073","Jon Batiste","https://www.allmusic.com/album/the-summer-collection-mw0003788339"
"4","TELL THE TRUTH","03:21","https://www.allmusic.com/song/tell-the-truth-mt0061039380","https://www.allmusic.com/artist/jon-batiste-mn0002730073","Jon Batiste","https://www.allmusic.com/artist/jon-batiste-mn0002730073","Jon Batiste","https://www.allmusic.com/album/the-summer-collection-mw0003788339"
"5","WE ARE","03:19","https://www.allmusic.com/song/we-are-mt0061039381","https://www.allmusic.com/artist/jon-batiste-mn0002730073;https://www.allmusic.com/artist/tearce-kizzo-mn0003112541;https://www.allmusic.com/artist/autumn-rowe-mn0001946207","Jon Batiste;Tearce Kizzo;Autumn Rowe","https://www.allmusic.com/artist/jon-batiste-mn0002730073","Jon Batiste","https://www.allmusic.com/album/the-summer-collection-mw0003788339"
"6","WORK IT OUT","03:07","https://www.allmusic.com/song/work-it-out-mt0061039382","https://www.allmusic.com/artist/jon-batiste-mn0002730073;https://www.allmusic.com/artist/marcus-miller-mn0000673114","Jon Batiste;Marcus Miller","https://www.allmusic.com/artist/jon-batiste-mn0002730073","Jon Batiste","https://www.allmusic.com/album/the-summer-collection-mw0003788339"
"7","BOY HOOD","04:26","https://www.allmusic.com/song/boy-hood-mt0061039376","https://www.allmusic.com/artist/troy-trombone-shorty-andrews-mn0001549991;https://www.allmusic.com/artist/jon-batiste-mn0002730073;https://www.allmusic.com/artist/sunny-levine-mn0002424886;https://www.allmusic.com/artist/pj-morton-mn0000785369","Troy ""Trombone Shorty"" Andrews;Jon Batiste;Sunny Levine;PJ Morton","https://www.allmusic.com/artist/jon-batiste-mn0002730073","Jon Batiste","https://www.allmusic.com/album/the-summer-collection-mw0003788339"
"1","Almighty Gnar","03:29","https://www.allmusic.com/song/almighty-gnar-mt0061096218","https://www.allmusic.com/artist/hunter-brown-mn0004095399;https://www.allmusic.com/artist/keith-cozart-mn0002998348;https://www.allmusic.com/artist/ernest-day-mn0003915815;https://www.allmusic.com/artist/damian-vinh-hien-hoffmanns-mn0004042909;https://www.allmusic.com/artist/caleb-sheppard-mn0003761803;https://www.allmusic.com/artist/ethan-mccallum-williams-mn0003989349","Hunter Brown;Keith Cozart;Ernest Day;Damian Vinh Hien Hoffmanns;Caleb Sheppard;Ethan McCallum Williams","https://www.allmusic.com/artist/lil-gnar-mn0003753785;https://www.allmusic.com/artist/chief-keef-mn0002937107","Lil Gnar;Chief Keef","https://www.allmusic.com/album/almighty-gnar-mw0003790061"
"1","Reach Out and Touch the Lord","02:31","https://www.allmusic.com/song/reach-out-and-touch-the-lord-mt0061535555","https://www.allmusic.com/artist/bill-harmon-mn0001588166","Bill Harmon","https://www.allmusic.com/artist/tasha-cobbs-leonard-mn0003642077","Tasha Cobbs Leonard","https://www.allmusic.com/album/hymns-mw0003790098"
"2","The Moment","07:19","https://www.allmusic.com/song/the-moment-mt0061535556","https://www.allmusic.com/artist/deon-kipping-mn0001503646;https://www.allmusic.com/artist/tasha-cobbs-leonard-mn0003642077","Deon Kipping;Tasha Cobbs Leonard","https://www.allmusic.com/artist/tasha-cobbs-leonard-mn0003642077","Tasha Cobbs Leonard","https://www.allmusic.com/album/hymns-mw0003790098"
"3","Burdens Down","04:21","https://www.allmusic.com/song/burdens-down-mt0061535557","https://www.allmusic.com/artist/tasha-cobbs-leonard-mn0003642077","Tasha Cobbs Leonard","https://www.allmusic.com/artist/tasha-cobbs-leonard-mn0003642077","Tasha Cobbs Leonard","https://www.allmusic.com/album/hymns-mw0003790098"
"4","Glory Glory Hallelujah","00:28","https://www.allmusic.com/song/glory-glory-hallelujah-mt0061535558","","","https://www.allmusic.com/artist/tasha-cobbs-leonard-mn0003642077","Tasha Cobbs Leonard","https://www.allmusic.com/album/hymns-mw0003790098"
"5","Warrior of Heaven","06:56","https://www.allmusic.com/song/warrior-of-heaven-mt0061535559","https://www.allmusic.com/artist/hank-bentley-mn0001046370;https://www.allmusic.com/artist/brenton-brown-mn0000518787;https://www.allmusic.com/artist/kenneth-leonard-jr-mn0003325357;https://www.allmusic.com/artist/tasha-cobbs-leonard-mn0003642077","Hank Bentley;Brenton Brown;Kenneth Leonard Jr.;Tasha Cobbs Leonard","https://www.allmusic.com/artist/tasha-cobbs-leonard-mn0003642077","Tasha Cobbs Leonard","https://www.allmusic.com/album/hymns-mw0003790098"
"6","Jesus Is Mine","06:17","https://www.allmusic.com/song/jesus-is-mine-mt0061535560","https://www.allmusic.com/artist/jason-ingram-mn0000218825;https://www.allmusic.com/artist/kenneth-leonard-jr-mn0003325357;https://www.allmusic.com/artist/tasha-cobbs-leonard-mn0003642077;https://www.allmusic.com/artist/rita-springer-mn0000807848","Jason Ingram;Kenneth Leonard Jr.;Tasha Cobbs Leonard;Rita Springer","https://www.allmusic.com/artist/tasha-cobbs-leonard-mn0003642077","Tasha Cobbs Leonard","https://www.allmusic.com/album/hymns-mw0003790098"
"7","Jesus Lover of My Soul","08:58","https://www.allmusic.com/song/jesus-lover-of-my-soul-mt0061535561","https://www.allmusic.com/artist/bernie-herms-mn0000058309;https://www.allmusic.com/artist/kenneth-leonard-jr-mn0003325357;https://www.allmusic.com/artist/tasha-cobbs-leonard-mn0003642077;https://www.allmusic.com/artist/jonas-myrin-mn0001421688","Bernie Herms;Kenneth Leonard Jr.;Tasha Cobbs Leonard;Jonas Myrin","https://www.allmusic.com/artist/tasha-cobbs-leonard-mn0003642077","Tasha Cobbs Leonard","https://www.allmusic.com/album/hymns-mw0003790098"
"8","Jesus Lover of My Soul","04:21","https://www.allmusic.com/song/jesus-lover-of-my-soul-mt0061535562","https://www.allmusic.com/artist/bernie-herms-mn0000058309;https://www.allmusic.com/artist/kenneth-leonard-jr-mn0003325357;https://www.allmusic.com/artist/tasha-cobbs-leonard-mn0003642077;https://www.allmusic.com/artist/jonas-myrin-mn0001421688","Bernie Herms;Kenneth Leonard Jr.;Tasha Cobbs Leonard;Jonas Myrin","https://www.allmusic.com/artist/tasha-cobbs-leonard-mn0003642077","Tasha Cobbs Leonard","https://www.allmusic.com/album/hymns-mw0003790098"
"9","Power","07:47","https://www.allmusic.com/song/power-mt0061535563","https://www.allmusic.com/artist/bernie-herms-mn0000058309;https://www.allmusic.com/artist/kenneth-leonard-jr-mn0003325357;https://www.allmusic.com/artist/donald-lawrence-mn0000737770;https://www.allmusic.com/artist/tasha-cobbs-leonard-mn0003642077;https://www.allmusic.com/artist/jonas-myrin-mn0001421688","Bernie Herms;Kenneth Leonard Jr.;Donald Lawrence;Tasha Cobbs Leonard;Jonas Myrin","https://www.allmusic.com/artist/tasha-cobbs-leonard-mn0003642077","Tasha Cobbs Leonard","https://www.allmusic.com/album/hymns-mw0003790098"
"10","Power","02:07","https://www.allmusic.com/song/power-mt0061535564","https://www.allmusic.com/artist/bernie-herms-mn0000058309;https://www.allmusic.com/artist/kenneth-leonard-jr-mn0003325357;https://www.allmusic.com/artist/donald-lawrence-mn0000737770;https://www.allmusic.com/artist/tasha-cobbs-leonard-mn0003642077;https://www.allmusic.com/artist/jonas-myrin-mn0001421688","Bernie Herms;Kenneth Leonard Jr.;Donald Lawrence;Tasha Cobbs Leonard;Jonas Myrin","https://www.allmusic.com/artist/tasha-cobbs-leonard-mn0003642077","Tasha Cobbs Leonard","https://www.allmusic.com/album/hymns-mw0003790098"
"11","At the Cross","05:03","https://www.allmusic.com/song/at-the-cross-mt0061535565","https://www.allmusic.com/artist/anna-golden-mn0003665433;https://www.allmusic.com/artist/kenneth-leonard-jr-mn0003325357;https://www.allmusic.com/artist/tasha-cobbs-leonard-mn0003642077;https://www.allmusic.com/artist/ernest-vaughan-mn0003058757","Anna Golden;Kenneth Leonard Jr.;Tasha Cobbs Leonard;Ernest Vaughan","https://www.allmusic.com/artist/tasha-cobbs-leonard-mn0003642077","Tasha Cobbs Leonard","https://www.allmusic.com/album/hymns-mw0003790098"
"12","Let the People Rejoice","04:13","https://www.allmusic.com/song/let-the-people-rejoice-mt0061535566","https://www.allmusic.com/artist/jason-ingram-mn0000218825;https://www.allmusic.com/artist/kenneth-leonard-jr-mn0003325357;https://www.allmusic.com/artist/tasha-cobbs-leonard-mn0003642077;https://www.allmusic.com/artist/rita-springer-mn0000807848","Jason Ingram;Kenneth Leonard Jr.;Tasha Cobbs Leonard;Rita Springer","https://www.allmusic.com/artist/tasha-cobbs-leonard-mn0003642077","Tasha Cobbs Leonard","https://www.allmusic.com/album/hymns-mw0003790098"
"13","Counting My Blessings","07:31","https://www.allmusic.com/song/counting-my-blessings-mt0061535567","https://www.allmusic.com/artist/anna-golden-mn0003665433;https://www.allmusic.com/artist/enrique-holmes-mn0003698649;https://www.allmusic.com/artist/kenneth-leonard-jr-mn0003325357;https://www.allmusic.com/artist/tasha-cobbs-leonard-mn0003642077;https://www.allmusic.com/artist/ernest-vaughan-mn0003058757","Anna Golden;Enrique Holmes;Kenneth Leonard Jr.;Tasha Cobbs Leonard;Ernest Vaughan","https://www.allmusic.com/artist/tasha-cobbs-leonard-mn0003642077","Tasha Cobbs Leonard","https://www.allmusic.com/album/hymns-mw0003790098"
"14","The Church I Grew Up In","03:06","https://www.allmusic.com/song/the-church-i-grew-up-in-mt0061535568","https://www.allmusic.com/artist/spoken-word-mn0002263180","Spoken Word","https://www.allmusic.com/artist/tasha-cobbs-leonard-mn0003642077","Tasha Cobbs Leonard","https://www.allmusic.com/album/hymns-mw0003790098"
"15","The Church I Grew Up In","04:57","https://www.allmusic.com/song/the-church-i-grew-up-in-mt0061535569","https://www.allmusic.com/artist/jessie-early-mn0003234686;https://www.allmusic.com/artist/anna-golden-mn0003665433;https://www.allmusic.com/artist/kalley-heiligenthal-mn0002862687","Jessie Early;Anna Golden;Kalley Heiligenthal","https://www.allmusic.com/artist/tasha-cobbs-leonard-mn0003642077","Tasha Cobbs Leonard","https://www.allmusic.com/album/hymns-mw0003790098"
"16","The Church I Grew Up In","01:52","https://www.allmusic.com/song/the-church-i-grew-up-in-mt0061535570","https://www.allmusic.com/artist/jessie-early-mn0003234686;https://www.allmusic.com/artist/anna-golden-mn0003665433;https://www.allmusic.com/artist/kalley-heiligenthal-mn0002862687","Jessie Early;Anna Golden;Kalley Heiligenthal","https://www.allmusic.com/artist/tasha-cobbs-leonard-mn0003642077","Tasha Cobbs Leonard","https://www.allmusic.com/album/hymns-mw0003790098"
"17","Jesus What a Friend","06:39","https://www.allmusic.com/song/jesus-what-a-friend-mt0061535571","https://www.allmusic.com/artist/bernie-herms-mn0000058309;https://www.allmusic.com/artist/kenneth-leonard-jr-mn0003325357;https://www.allmusic.com/artist/tasha-cobbs-leonard-mn0003642077;https://www.allmusic.com/artist/jonas-myrin-mn0001421688","Bernie Herms;Kenneth Leonard Jr.;Tasha Cobbs Leonard;Jonas Myrin","https://www.allmusic.com/artist/tasha-cobbs-leonard-mn0003642077","Tasha Cobbs Leonard","https://www.allmusic.com/album/hymns-mw0003790098"
"18","Jesus What a Friend","04:34","https://www.allmusic.com/song/jesus-what-a-friend-mt0061535572","https://www.allmusic.com/artist/bernie-herms-mn0000058309;https://www.allmusic.com/artist/kenneth-leonard-jr-mn0003325357;https://www.allmusic.com/artist/tasha-cobbs-leonard-mn0003642077;https://www.allmusic.com/artist/jonas-myrin-mn0001421688","Bernie Herms;Kenneth Leonard Jr.;Tasha Cobbs Leonard;Jonas Myrin","https://www.allmusic.com/artist/tasha-cobbs-leonard-mn0003642077","Tasha Cobbs Leonard","https://www.allmusic.com/album/hymns-mw0003790098"
"19","What a Friend We Have in Jesus","02:14","https://www.allmusic.com/song/what-a-friend-we-have-in-jesus-mt0061535573","https://www.allmusic.com/artist/kenneth-leonard-jr-mn0003325357;https://www.allmusic.com/artist/tasha-cobbs-leonard-mn0003642077","Kenneth Leonard Jr.;Tasha Cobbs Leonard","https://www.allmusic.com/artist/tasha-cobbs-leonard-mn0003642077","Tasha Cobbs Leonard","https://www.allmusic.com/album/hymns-mw0003790098"
"20","Holy","05:59","https://www.allmusic.com/song/holy-mt0061535574","https://www.allmusic.com/artist/bernie-herms-mn0000058309;https://www.allmusic.com/artist/kenneth-leonard-jr-mn0003325357;https://www.allmusic.com/artist/tasha-cobbs-leonard-mn0003642077;https://www.allmusic.com/artist/jonas-myrin-mn0001421688","Bernie Herms;Kenneth Leonard Jr.;Tasha Cobbs Leonard;Jonas Myrin","https://www.allmusic.com/artist/tasha-cobbs-leonard-mn0003642077","Tasha Cobbs Leonard","https://www.allmusic.com/album/hymns-mw0003790098"
"21","Agnus Dei","01:25","https://www.allmusic.com/song/agnus-dei-mt0061535575","https://www.allmusic.com/artist/michael-w-smith-mn0000466759","Michael W. Smith","https://www.allmusic.com/artist/tasha-cobbs-leonard-mn0003642077","Tasha Cobbs Leonard","https://www.allmusic.com/album/hymns-mw0003790098"
"22","Under My Feet (Praise Break)","07:40","https://www.allmusic.com/song/under-my-feet-praise-break-mt0061535576","https://www.allmusic.com/artist/kenneth-leonard-jr-mn0003325357;https://www.allmusic.com/artist/tasha-cobbs-leonard-mn0003642077","Kenneth Leonard Jr.;Tasha Cobbs Leonard","https://www.allmusic.com/artist/tasha-cobbs-leonard-mn0003642077","Tasha Cobbs Leonard","https://www.allmusic.com/album/hymns-mw0003790098"
"23","I Surrender","05:15","https://www.allmusic.com/song/i-surrender-mt0061535577","https://www.allmusic.com/artist/hank-bentley-mn0001046370;https://www.allmusic.com/artist/brenton-brown-mn0000518787;https://www.allmusic.com/artist/kenneth-leonard-jr-mn0003325357;https://www.allmusic.com/artist/tasha-cobbs-leonard-mn0003642077","Hank Bentley;Brenton Brown;Kenneth Leonard Jr.;Tasha Cobbs Leonard","https://www.allmusic.com/artist/tasha-cobbs-leonard-mn0003642077","Tasha Cobbs Leonard","https://www.allmusic.com/album/hymns-mw0003790098"
"24","It Is Well","06:58","https://www.allmusic.com/song/it-is-well-mt0061535578","https://www.allmusic.com/artist/ricky-dillard-mn0000855416;https://www.allmusic.com/artist/kenneth-leonard-jr-mn0003325357;https://www.allmusic.com/artist/tasha-cobbs-leonard-mn0003642077;https://www.allmusic.com/artist/zeke-listenbee-mn0001029915","Ricky Dillard;Kenneth Leonard Jr.;Tasha Cobbs Leonard;Zeke Listenbee","https://www.allmusic.com/artist/tasha-cobbs-leonard-mn0003642077","Tasha Cobbs Leonard","https://www.allmusic.com/album/hymns-mw0003790098"
"1","All I Really Wanted","03:11","https://www.allmusic.com/song/all-i-really-wanted-mt0061047593","","","https://www.allmusic.com/artist/camron-mn0000224312","Cam'ron","https://www.allmusic.com/album/all-i-really-wanted-mw0003789830"
"1","The Chairman's Portrait, Pt. 1","","https://www.allmusic.com/song/the-chairmans-portrait-pt-1-mt0061337474","","","https://www.allmusic.com/artist/tropical-fuck-storm-mn0003673099;https://www.allmusic.com/artist/king-gizzard-the-lizard-wizard-mn0003085959","Tropical Fuck Storm;King Gizzard & the Lizard Wizard","https://www.allmusic.com/album/satanic-slumber-party-mw0003789834"
"2","Midnight in Sodom, Pt. 2","","https://www.allmusic.com/song/midnight-in-sodom-pt-2-mt0061337475","","","https://www.allmusic.com/artist/tropical-fuck-storm-mn0003673099;https://www.allmusic.com/artist/king-gizzard-the-lizard-wizard-mn0003085959","Tropical Fuck Storm;King Gizzard & the Lizard Wizard","https://www.allmusic.com/album/satanic-slumber-party-mw0003789834"
"3","Hoof and Horn, Pt. 3","","https://www.allmusic.com/song/hoof-and-horn-pt-3-mt0061337476","","","https://www.allmusic.com/artist/tropical-fuck-storm-mn0003673099;https://www.allmusic.com/artist/king-gizzard-the-lizard-wizard-mn0003085959","Tropical Fuck Storm;King Gizzard & the Lizard Wizard","https://www.allmusic.com/album/satanic-slumber-party-mw0003789834"
"1","Discusses One-Man Broadway Show","02:36","https://www.allmusic.com/song/discusses-one-man-broadway-show-mt0061063201","https://www.allmusic.com/artist/maurice-chevalier-mn0000063803","Maurice Chevalier","https://www.allmusic.com/artist/maurice-chevalier-mn0000063803","Maurice Chevalier","https://www.allmusic.com/album/discusses-one-man-broadway-show-live-on-the-ed-sullivan-show-february-3-1963--mw0003791991"
"1","Escape","04:00","https://www.allmusic.com/song/escape-mt0061064942","","","https://www.allmusic.com/artist/deadmau5-mn0000879144;https://www.allmusic.com/artist/kaskade-mn0000854866;https://www.allmusic.com/artist/kx5-mn0004286530","Deadmau5;Kaskade;Kx5","https://www.allmusic.com/album/escape-mw0003792478"
"1","123","03:33","https://www.allmusic.com/song/123-mt0061071646","https://www.allmusic.com/artist/nick-van-de-wall-mn0001093677","Nick van de Wall","https://www.allmusic.com/artist/afrojack-mn0001582831","Afrojack","https://www.allmusic.com/album/afrojack-presents-nlw-mw0003793396"
"2","Moombah 22","02:53","https://www.allmusic.com/song/moombah-22-mt0061071647","https://www.allmusic.com/artist/nick-van-de-wall-mn0001093677","Nick van de Wall","https://www.allmusic.com/artist/afrojack-mn0001582831","Afrojack","https://www.allmusic.com/album/afrojack-presents-nlw-mw0003793396"
"3","Lasers","03:12","https://www.allmusic.com/song/lasers-mt0061071648","https://www.allmusic.com/artist/nick-van-de-wall-mn0001093677","Nick van de Wall","https://www.allmusic.com/artist/afrojack-mn0001582831","Afrojack","https://www.allmusic.com/album/afrojack-presents-nlw-mw0003793396"
"4","Let Me See Those Hands","03:47","https://www.allmusic.com/song/let-me-see-those-hands-mt0061071649","https://www.allmusic.com/artist/fadil-el-ghoul-mn0002663184;https://www.allmusic.com/artist/nick-van-de-wall-mn0001093677","Fadil El Ghoul;Nick van de Wall","https://www.allmusic.com/artist/afrojack-mn0001582831","Afrojack","https://www.allmusic.com/album/afrojack-presents-nlw-mw0003793396"
"5","DRUMS","03:16","https://www.allmusic.com/song/drums-mt0061071650","https://www.allmusic.com/artist/daniel-tuparia-mn0003462140;https://www.allmusic.com/artist/nick-van-de-wall-mn0001093677","Daniel Tuparia;Nick van de Wall","https://www.allmusic.com/artist/afrojack-mn0001582831","Afrojack","https://www.allmusic.com/album/afrojack-presents-nlw-mw0003793396"
"6","Tech Wows","03:52","https://www.allmusic.com/song/tech-wows-mt0061071651","https://www.allmusic.com/artist/sidney-samson-mn0001957958;https://www.allmusic.com/artist/nick-van-de-wall-mn0001093677","Sidney Samson;Nick van de Wall","https://www.allmusic.com/artist/afrojack-mn0001582831","Afrojack","https://www.allmusic.com/album/afrojack-presents-nlw-mw0003793396"
"7","Freeze","03:16","https://www.allmusic.com/song/freeze-mt0061071652","https://www.allmusic.com/artist/ruben-de-almeida-barbeiro-mn0002873807;https://www.allmusic.com/artist/nick-van-de-wall-mn0001093677","Ruben De Almeida Barbeiro;Nick van de Wall","https://www.allmusic.com/artist/afrojack-mn0001582831","Afrojack","https://www.allmusic.com/album/afrojack-presents-nlw-mw0003793396"
